#,Timestamp,ID (hex),DLC,Data (hex),Type
1,16:25:04.963,0x05B,8,7F 00 00 00 15 01 00 00,STD
2,16:25:04.977,0x083,8,00 00 95 0B 93 0B 38 04,STD
3,16:25:05.009,0x084,8,84 85 01 01 00 05 2A 01,STD
4,16:25:05.024,0x032,8,00 00 01 00 00 00 00 01,STD
5,16:25:05.056,0x085,8,00 00 03 00 00 00 01 00,STD
6,16:25:05.071,0x086,8,02 5C 02 1E 00 01 01 01,STD
7,16:25:05.103,0x087,8,00 04 01 64 01 01 00 03,STD
8,16:25:05.118,0x088,8,04 1E 28 42 58 00 00 00,STD
9,16:25:05.149,0x089,8,04 04 04 04 04 00 00 00,STD
10,16:25:05.181,0x08A,8,04 00 00 00 00 00 00 00,STD
11,16:25:05.196,0x033,8,00 00 64 64 00 00 00 00,STD
12,16:25:05.228,0x08C,8,00 00 00 00 00 00 00 00,STD
13,16:25:05.243,0x08D,8,01 00 02 00 00 00 01 15,STD
14,16:25:05.275,0x08E,8,00 02 00 00 14 14 00 00,STD
15,16:25:05.291,0x08F,8,0E 00 03 01 00 00 00 00,STD
16,16:25:05.323,0x091,8,01 03 00 00 00 00 02 00,STD
17,16:25:05.354,0x092,8,00 01 01 01 03 02 02 03,STD
18,16:25:05.370,0x032,8,00 00 01 00 00 00 00 01,STD
19,16:25:05.401,0x093,8,01 01 1B 0C 00 38 01 01,STD
20,16:25:05.463,0x036,8,00 00 00 00 00 00 00 00,STD
21,16:25:05.542,0x033,8,00 00 64 64 00 00 00 00,STD
22,16:25:05.573,0x027,8,F0 00 00 00 00 00 00 00,STD
23,16:25:05.855,0x02B,8,F1 00 00 00 00 00 00 00,STD
24,16:25:05.918,0x032,8,00 00 01 00 00 00 00 01,STD
25,16:25:05.949,0x034,8,15 01 00 00 00 00 00 00,STD
26,16:25:05.965,0x035,8,01 00 38 00 00 00 1F 04,STD
27,16:25:05.996,0x05A,8,00 00 00 01 00 00 00 00,STD
28,16:25:06.012,0x05B,8,7F 00 00 00 15 01 00 00,STD
29,16:25:06.044,0x083,8,00 00 95 0B 93 0B 38 04,STD
30,16:25:06.060,0x084,8,84 85 01 01 00 06 2A 01,STD
31,16:25:06.092,0x033,8,00 00 64 64 00 00 00 00,STD
32,16:25:06.123,0x085,8,00 00 03 00 00 00 01 00,STD
33,16:25:06.139,0x086,8,02 5C 02 1E 00 01 01 01,STD
34,16:25:06.171,0x087,8,00 04 01 64 01 01 00 03,STD
35,16:25:06.392,0x088,8,05 1E 28 42 58 00 00 00,STD
36,16:25:06.408,0x089,8,05 04 04 04 04 00 00 00,STD
37,16:25:06.439,0x08A,8,05 00 00 00 00 00 00 00,STD
38,16:25:06.455,0x032,8,00 00 01 00 00 00 00 01,STD
39,16:25:06.486,0x08C,8,00 00 00 00 00 00 00 00,STD
40,16:25:06.517,0x08D,8,01 00 02 00 00 00 01 15,STD
41,16:25:06.533,0x08E,8,00 02 00 00 14 14 00 00,STD
42,16:25:06.564,0x08F,8,0E 00 03 01 00 00 00 00,STD
43,16:25:06.580,0x091,8,01 03 00 00 00 00 02 00,STD
44,16:25:06.611,0x092,8,00 01 01 01 03 02 02 03,STD
45,16:25:06.627,0x033,8,00 00 64 64 00 00 00 00,STD
46,16:25:06.658,0x093,8,01 01 1B 0C 00 38 01 01,STD
47,16:25:09.397,0x086,8,02 5C 02 1E 00 01 01 01,STD
48,16:25:09.397,0x087,8,00 04 01 64 01 01 09 03,STD
49,16:25:09.397,0x085,8,00 00 03 00 00 00 01 00,STD
50,16:25:09.413,0x088,8,00 1E 28 42 58 00 00 00,STD
51,16:25:09.413,0x089,8,00 12 12 12 15 00 00 00,STD
52,16:25:09.413,0x08A,8,00 01 02 02 01 00 00 00,STD
53,16:25:09.428,0x034,8,00 00 00 00 00 00 00 00,STD
54,16:25:09.428,0x035,8,01 00 38 00 00 00 1F 00,STD
55,16:25:09.460,0x05A,8,00 00 00 00 00 00 00 00,STD
56,16:25:09.476,0x05B,8,7F 00 00 00 04 00 00 00,STD
57,16:25:09.507,0x083,8,00 00 95 0B 93 0B 38 04,STD
58,16:25:09.523,0x084,8,88 88 00 01 00 00 2B 00,STD
59,16:25:09.554,0x032,8,00 00 00 00 00 00 00 00,STD
60,16:25:09.585,0x085,8,00 00 03 00 00 00 01 00,STD
61,16:25:09.601,0x086,8,02 5C 02 1E 00 01 01 01,STD
62,16:25:09.632,0x087,8,00 04 01 64 01 01 09 03,STD
63,16:25:09.648,0x088,8,00 1E 28 42 58 00 00 00,STD
64,16:25:09.679,0x089,8,00 12 12 12 15 00 00 00,STD
65,16:25:09.695,0x08A,8,00 01 02 02 01 00 00 00,STD
66,16:25:09.930,0x033,8,00 00 64 64 00 00 00 00,STD
67,16:25:09.961,0x08C,8,00 00 00 00 00 00 00 00,STD
68,16:25:09.977,0x08D,8,01 00 02 00 00 00 00 04,STD
69,16:25:10.008,0x08E,8,00 02 00 00 14 14 00 00,STD
70,16:25:10.024,0x08F,8,0D 00 03 01 00 00 00 00,STD
71,16:25:10.055,0x091,8,01 03 00 00 00 00 02 00,STD
72,16:25:10.071,0x092,8,00 01 01 01 03 02 02 03,STD
73,16:25:10.102,0x032,8,00 00 00 00 00 00 00 00,STD
74,16:25:10.134,0x093,8,01 01 39 0D 00 06 03 01,STD
75,16:25:10.197,0x036,8,00 00 00 00 00 00 00 00,STD
76,16:25:10.478,0x033,8,00 00 64 64 00 00 00 00,STD
77,16:25:10.494,0x027,8,F0 00 00 00 00 00 00 00,STD
78,16:25:10.572,0x02B,8,F0 00 00 00 00 00 00 00,STD
79,16:25:10.651,0x032,8,00 00 00 00 00 00 00 00,STD
80,16:25:10.667,0x034,8,04 00 00 00 00 00 00 00,STD
81,16:25:10.698,0x035,8,01 00 38 00 00 00 1F 00,STD
82,16:25:10.714,0x05A,8,00 00 00 00 00 00 00 00,STD
83,16:25:10.745,0x05B,8,7F 00 00 00 04 00 00 00,STD
84,16:25:10.761,0x083,8,00 00 95 0B 93 0B 38 04,STD
85,16:25:10.792,0x084,8,87 87 00 01 00 05 2B 00,STD
86,16:25:10.823,0x033,8,00 00 64 64 00 00 00 00,STD
87,16:25:10.839,0x085,8,00 00 03 00 00 00 01 00,STD
88,16:25:10.870,0x086,8,02 5C 02 1E 00 01 01 01,STD
89,16:25:10.886,0x087,8,00 04 01 64 01 01 09 03,STD
90,16:25:10.918,0x088,8,01 1E 28 42 58 00 00 00,STD
91,16:25:10.933,0x089,8,01 04 04 04 04 00 00 00,STD
92,16:25:10.964,0x08A,8,01 00 00 00 00 00 00 00,STD
93,16:25:10.980,0x032,8,00 00 00 00 00 00 00 00,STD
94,16:25:11.011,0x08C,8,00 00 00 00 00 00 00 00,STD
95,16:25:11.042,0x08D,8,01 00 02 00 00 00 00 04,STD
96,16:25:11.058,0x08E,8,00 02 00 00 14 14 00 00,STD
97,16:25:11.089,0x08F,8,0D 00 03 01 00 00 00 00,STD
98,16:25:11.105,0x091,8,01 03 00 00 00 00 02 00,STD
99,16:25:11.136,0x092,8,00 01 01 01 03 02 02 03,STD
100,16:25:11.372,0x033,8,00 00 64 64 00 00 00 00,STD
101,16:25:11.388,0x093,8,01 01 39 0D 00 06 03 01,STD
102,16:25:11.465,0x036,8,00 00 00 00 00 00 00 00,STD
103,16:25:11.544,0x032,8,00 00 00 00 00 00 00 00,STD
104,16:25:11.559,0x027,8,F1 00 00 00 00 00 00 00,STD
105,16:25:11.638,0x02B,8,F1 00 00 00 00 00 00 00,STD
106,16:25:11.653,0x0CA,8,86 01 00 00 00 00 00 00,STD
107,16:25:11.653,0x0B3,8,05 21 05 00 00 00 00 00,STD
108,16:25:11.669,0x0CA,8,86 01 00 00 00 00 00 00,STD
109,16:25:11.669,0x0B3,8,0F 37 05 00 00 00 00 00,STD
110,16:25:11.732,0x0CA,8,86 01 00 00 00 00 00 00,STD
111,16:25:11.747,0x0CA,8,86 01 00 00 00 00 00 00,STD
112,16:25:11.903,0x033,8,00 00 64 64 00 00 00 00,STD
113,16:25:11.935,0x034,8,04 00 00 00 00 00 00 00,STD
114,16:25:11.950,0x035,8,01 00 38 00 00 00 1F 00,STD
115,16:25:11.982,0x05A,8,00 00 00 00 00 00 00 00,STD
116,16:25:11.997,0x05B,8,7F 00 00 00 04 00 00 00,STD
117,16:25:12.028,0x083,8,00 00 95 0B 93 0B 38 04,STD
118,16:25:12.044,0x084,8,86 86 01 01 00 06 2B 00,STD
119,16:25:12.076,0x032,8,00 00 00 00 00 00 00 00,STD
120,16:25:12.108,0x085,8,00 00 03 00 00 00 01 00,STD
121,16:25:12.123,0x086,8,02 5C 02 1E 00 01 01 01,STD
122,16:25:12.154,0x087,8,00 04 01 64 01 01 09 03,STD
123,16:25:12.170,0x088,8,02 1E 28 42 58 00 00 00,STD
124,16:25:12.202,0x089,8,02 04 04 04 04 00 00 00,STD
125,16:25:12.218,0x08A,8,02 00 00 00 00 00 00 00,STD
126,16:25:12.249,0x033,8,00 00 64 64 00 00 00 00,STD
127,16:25:12.280,0x08C,8,00 00 00 00 00 00 00 00,STD
128,16:25:12.296,0x08D,8,01 00 02 00 00 00 00 04,STD
129,16:25:12.327,0x08E,8,00 02 00 00 14 14 00 00,STD
130,16:25:12.343,0x08F,8,0D 00 03 01 00 00 00 00,STD
131,16:25:12.375,0x091,8,01 03 00 00 00 00 02 00,STD
132,16:25:12.375,0x0CA,8,86 01 00 00 00 00 00 00,STD
133,16:25:12.375,0x0CA,8,86 01 00 00 00 00 00 00,STD
134,16:25:12.390,0x092,8,00 01 01 01 03 02 02 03,STD
135,16:25:12.422,0x032,8,00 00 00 00 00 00 00 00,STD
136,16:25:12.453,0x093,8,01 01 39 0D 00 06 03 01,STD
137,16:25:12.516,0x036,8,00 00 00 00 00 00 00 00,STD
138,16:25:12.797,0x033,8,00 00 64 64 00 00 00 00,STD
139,16:25:12.829,0x027,8,F0 00 00 00 00 00 00 00,STD
140,16:25:12.892,0x02B,8,F2 00 00 00 00 00 00 00,STD
141,16:25:12.970,0x032,8,00 00 00 00 00 00 00 00,STD
142,16:25:13.001,0x034,8,04 00 00 00 00 00 00 00,STD
143,16:25:13.017,0x035,8,01 00 38 00 00 00 1F 00,STD
144,16:25:13.049,0x05A,8,00 00 00 00 00 00 00 00,STD
145,16:25:13.064,0x05B,8,7F 00 00 00 04 00 00 00,STD
146,16:25:13.096,0x083,8,00 00 95 0B 93 0B 38 04,STD
147,16:25:13.111,0x084,8,86 86 01 01 00 05 2B 00,STD
148,16:25:13.346,0x033,8,00 00 64 64 00 00 00 00,STD
149,16:25:13.362,0x085,8,00 00 03 00 00 00 01 00,STD
150,16:25:13.393,0x086,8,02 5C 02 1E 00 01 01 01,STD
151,16:25:13.409,0x087,8,00 04 01 64 01 01 09 03,STD
152,16:25:13.440,0x088,8,03 1E 28 42 58 00 00 00,STD
153,16:25:13.456,0x089,8,03 04 04 04 04 00 00 00,STD
154,16:25:13.487,0x08A,8,03 00 00 00 00 00 00 00,STD
155,16:25:13.503,0x032,8,00 00 00 00 00 00 00 00,STD
156,16:25:13.534,0x08C,8,00 00 00 00 00 00 00 00,STD
157,16:25:13.565,0x08D,8,01 00 02 00 00 00 00 04,STD
158,16:25:13.581,0x08E,8,00 02 00 00 14 14 00 00,STD
159,16:25:13.612,0x08F,8,0D 00 03 01 00 00 00 00,STD
160,16:25:13.628,0x091,8,01 03 00 00 00 00 02 00,STD
161,16:25:13.645,0x0CA,8,86 01 00 00 00 00 00 00,STD
162,16:25:13.645,0x0CA,8,86 01 00 00 00 00 00 00,STD
163,16:25:13.661,0x092,8,00 01 01 01 03 02 02 03,STD
164,16:25:13.677,0x033,8,00 00 64 64 00 00 00 00,STD
165,16:25:13.708,0x093,8,01 01 39 0D 00 06 03 01,STD
166,16:25:13.786,0x036,8,00 00 00 00 00 00 00 00,STD
167,16:25:13.849,0x032,8,00 00 00 00 00 00 00 00,STD
168,16:25:13.880,0x027,8,F1 00 00 00 00 00 00 00,STD
169,16:25:13.958,0x02B,8,F0 00 00 00 00 00 00 00,STD
170,16:25:14.240,0x033,8,00 00 64 64 00 00 00 00,STD
171,16:25:14.255,0x034,8,04 00 00 00 00 00 00 00,STD
172,16:25:14.286,0x035,8,01 00 38 00 00 00 1F 00,STD
173,16:25:14.302,0x05A,8,00 00 00 00 00 00 00 00,STD
174,16:25:14.333,0x05B,8,7F 00 00 00 04 00 00 00,STD
175,16:25:14.349,0x083,8,00 00 95 0B 93 0B 38 04,STD
176,16:25:14.381,0x084,8,86 86 01 01 00 05 2B 00,STD
177,16:25:14.397,0x032,8,00 00 00 00 00 00 00 00,STD
178,16:25:14.428,0x085,8,00 00 03 00 00 00 01 00,STD
179,16:25:14.459,0x086,8,02 5C 02 1E 00 01 01 01,STD
180,16:25:14.475,0x087,8,00 04 01 64 01 01 09 03,STD
181,16:25:14.506,0x088,8,04 1E 28 42 58 00 00 00,STD
182,16:25:14.522,0x089,8,04 04 04 04 04 00 00 00,STD
183,16:25:14.553,0x08A,8,04 00 00 00 00 00 00 00,STD
184,16:25:14.773,0x033,8,00 00 64 64 00 00 00 00,STD
185,16:25:14.789,0x08C,8,00 00 00 00 00 00 00 00,STD
186,16:25:14.820,0x08D,8,01 00 02 00 00 00 00 04,STD
187,16:25:14.851,0x08E,8,00 02 00 00 14 14 00 00,STD
188,16:25:14.867,0x08F,8,0D 00 03 01 00 00 00 00,STD
189,16:25:14.898,0x091,8,01 03 00 00 00 00 02 00,STD
190,16:25:14.898,0x0CA,8,86 01 00 00 00 00 00 00,STD
191,16:25:14.898,0x0CA,8,86 01 00 00 00 00 00 00,STD
192,16:25:14.914,0x092,8,00 01 01 01 03 02 02 03,STD
193,16:25:14.945,0x032,8,00 00 00 00 00 00 00 00,STD
194,16:25:14.961,0x093,8,01 01 39 0D 00 06 03 01,STD
195,16:25:15.039,0x036,8,00 00 00 00 00 00 00 00,STD
196,16:25:15.118,0x033,8,00 00 64 64 00 00 00 00,STD
197,16:25:15.133,0x027,8,F0 00 00 00 00 00 00 00,STD
198,16:25:15.211,0x02B,8,F1 00 00 00 00 00 00 00,STD
199,16:25:15.289,0x032,8,00 00 00 00 00 00 00 00,STD
200,16:25:15.305,0x034,8,04 00 00 00 00 00 00 00,STD
201,16:25:15.336,0x035,8,01 00 38 00 00 00 1F 00,STD
202,16:25:15.368,0x05A,8,00 00 00 00 00 00 00 00,STD
203,16:25:15.383,0x05B,8,7F 00 00 00 04 00 00 00,STD
204,16:25:15.415,0x083,8,00 00 95 0B 93 0B 38 04,STD
205,16:25:15.431,0x084,8,85 85 01 01 00 05 2B 00,STD
206,16:25:15.666,0x033,8,00 00 64 64 00 00 00 00,STD
207,16:25:15.682,0x085,8,00 00 03 00 00 00 01 00,STD
208,16:25:15.713,0x00B,8,04 7F 64 64 04 04 00 00,STD
209,16:25:15.713,0x032,8,00 00 00 00 00 00 00 01,STD
210,16:25:15.994,0x086,8,02 5C 02 1E 00 01 01 01,STD
211,16:25:16.213,0x087,8,00 04 01 64 01 01 09 03,STD
212,16:25:16.229,0x088,8,05 1E 28 42 58 00 00 00,STD
213,16:25:16.260,0x089,8,05 04 04 04 04 00 00 00,STD
214,16:25:16.276,0x08A,8,05 00 00 00 00 00 00 00,STD
215,16:25:16.307,0x032,8,00 00 01 00 00 00 00 01,STD
216,16:25:16.323,0x08C,8,00 00 00 00 00 00 00 00,STD
217,16:25:16.354,0x08D,8,01 00 02 00 00 00 00 04,STD
218,16:25:16.370,0x08E,8,00 02 00 00 14 14 00 00,STD
219,16:25:16.402,0x08F,8,0D 00 03 01 00 00 00 00,STD
220,16:25:16.433,0x091,8,01 03 00 00 00 00 02 00,STD
221,16:25:16.433,0x0CA,8,86 01 00 00 00 00 00 00,STD
222,16:25:16.433,0x0CA,8,86 01 00 00 00 00 00 00,STD
223,16:25:16.449,0x092,8,00 01 01 01 03 02 02 03,STD
224,16:25:16.480,0x033,8,00 00 64 64 00 00 00 00,STD
225,16:25:16.496,0x093,8,01 01 39 0D 00 06 03 01,STD
226,16:25:16.574,0x036,8,00 00 00 00 00 00 00 00,STD
227,16:25:16.653,0x032,8,00 00 01 00 00 00 00 01,STD
228,16:25:16.668,0x027,8,F1 00 00 00 00 00 00 00,STD
229,16:25:16.746,0x02B,8,F2 00 00 00 00 00 00 00,STD
230,16:25:16.825,0x033,8,00 00 64 64 00 00 00 00,STD
231,16:25:16.841,0x034,8,04 00 00 00 00 00 00 00,STD
232,16:25:16.872,0x035,8,01 00 38 00 00 00 1F 00,STD
233,16:25:17.092,0x05A,8,00 00 00 00 00 00 00 00,STD
234,16:25:17.124,0x05B,8,7F 00 00 00 04 00 00 00,STD
235,16:25:17.139,0x083,8,00 00 95 0B 93 0B 38 04,STD
236,16:25:17.171,0x084,8,84 85 01 01 00 05 2B 01,STD
237,16:25:17.202,0x032,8,00 00 01 00 00 00 00 01,STD
238,16:25:17.218,0x085,8,00 00 03 00 00 00 01 00,STD
239,16:25:17.249,0x086,8,02 5C 02 1E 00 01 01 01,STD
240,16:25:17.265,0x087,8,00 04 01 64 01 01 09 03,STD
241,16:25:17.296,0x088,8,06 1E 28 42 58 00 00 00,STD
242,16:25:17.312,0x089,8,06 04 04 04 04 00 00 00,STD
243,16:25:17.343,0x08A,8,06 00 00 00 00 00 00 00,STD
244,16:25:17.374,0x033,8,00 00 64 64 00 00 00 00,STD
245,16:25:17.390,0x08C,8,00 00 00 00 00 00 00 00,STD
246,16:25:17.421,0x08D,8,01 00 02 00 00 00 00 04,STD
247,16:25:17.640,0x08E,8,00 02 00 00 14 14 00 00,STD
248,16:25:17.656,0x08F,8,0D 00 03 01 00 00 00 00,STD
249,16:25:17.687,0x091,8,01 03 00 00 00 00 02 00,STD
250,16:25:17.687,0x0CA,8,86 01 00 00 00 00 00 00,STD
251,16:25:17.687,0x0CA,8,86 01 00 00 00 00 00 00,STD
252,16:25:17.719,0x092,8,00 01 01 01 03 02 02 03,STD
253,16:25:17.734,0x032,8,00 00 01 00 00 00 00 01,STD
254,16:25:17.765,0x093,8,01 01 39 0D 00 06 03 01,STD
255,16:25:17.828,0x036,8,00 00 00 00 00 00 00 00,STD
256,16:25:17.906,0x033,8,00 00 64 64 00 00 00 00,STD
257,16:25:17.938,0x027,8,F0 00 00 00 00 00 00 00,STD
258,16:25:18.000,0x02B,8,F0 00 00 00 00 00 00 00,STD
259,16:25:18.078,0x032,8,00 00 01 00 00 00 00 01,STD
260,16:25:18.110,0x034,8,04 00 00 00 00 00 00 00,STD
261,16:25:18.125,0x035,8,01 00 38 00 00 00 1F 00,STD
262,16:25:18.157,0x05A,8,00 00 00 00 00 00 00 00,STD
263,16:25:18.172,0x05B,8,7F 00 00 00 04 00 00 00,STD
264,16:25:18.203,0x083,8,00 00 95 0B 93 0B 38 04,STD
265,16:25:18.235,0x084,8,84 85 01 01 00 05 2B 01,STD
266,16:25:18.250,0x033,8,00 00 64 64 00 00 00 00,STD
267,16:25:18.281,0x085,8,00 00 03 00 00 00 01 00,STD
268,16:25:18.297,0x086,8,02 5C 02 1E 00 01 01 01,STD
269,16:25:18.532,0x087,8,00 04 01 64 01 01 09 03,STD
270,16:25:18.563,0x088,8,07 1E 28 42 58 00 00 00,STD
271,16:25:18.579,0x089,8,07 04 04 04 04 00 00 00,STD
272,16:25:18.610,0x08A,8,07 00 00 00 00 00 00 00,STD
273,16:25:18.625,0x032,8,00 00 01 00 00 00 00 01,STD
274,16:25:18.626,0x00B,8,13 7F 64 64 04 04 00 00,STD
275,16:25:18.657,0x08C,8,00 00 00 00 00 00 00 00,STD
276,16:25:18.673,0x08D,8,01 00 02 00 00 00 00 04,STD
277,16:25:18.704,0x08E,8,00 02 00 00 14 14 00 00,STD
278,16:25:18.735,0x08F,8,0D 00 03 01 00 00 00 00,STD
279,16:25:18.751,0x091,8,01 03 00 00 00 00 02 00,STD
280,16:25:18.751,0x0CA,8,86 01 00 00 00 00 00 00,STD
281,16:25:18.751,0x0CA,8,86 01 00 00 00 00 00 00,STD
282,16:25:18.782,0x092,8,00 01 01 01 03 02 02 03,STD
283,16:25:18.798,0x033,8,00 00 64 64 00 00 00 00,STD
284,16:25:18.829,0x093,8,01 01 39 0D 00 06 03 01,STD
285,16:25:19.095,0x036,8,00 00 00 00 00 00 00 00,STD
286,16:25:19.173,0x032,8,00 00 01 00 00 00 00 01,STD
287,16:25:19.189,0x027,8,F1 00 00 00 00 00 00 00,STD
288,16:25:19.267,0x02B,8,F1 00 00 00 00 00 00 00,STD
289,16:25:19.345,0x033,8,00 00 64 64 00 00 00 00,STD
290,16:25:19.361,0x034,8,04 00 00 00 00 00 00 00,STD
291,16:25:19.392,0x035,8,01 00 38 00 00 00 1F 00,STD
292,16:25:19.424,0x05A,8,00 00 00 00 00 00 00 00,STD
293,16:25:19.439,0x05B,8,7F 00 00 00 04 00 00 00,STD
294,16:25:19.471,0x083,8,00 00 95 0B 93 0B 38 04,STD
295,16:25:19.486,0x084,8,85 85 01 01 00 05 2B 01,STD
296,16:25:19.518,0x032,8,00 00 01 00 00 00 00 01,STD
297,16:25:19.533,0x085,8,00 00 03 00 00 00 01 00,STD
298,16:25:19.565,0x086,8,02 5C 02 1E 00 01 01 01,STD
299,16:25:19.581,0x087,8,00 04 01 64 01 01 09 03,STD
300,16:25:19.612,0x088,8,00 1E 28 42 58 00 00 00,STD
301,16:25:19.643,0x089,8,00 12 12 12 15 00 00 00,STD
302,16:25:19.659,0x08A,8,00 01 02 02 01 00 00 00,STD
303,16:25:19.691,0x033,8,00 00 64 64 00 00 00 00,STD
304,16:25:19.707,0x08C,8,00 00 00 00 00 00 00 00,STD
305,16:25:19.738,0x08D,8,01 00 02 00 00 00 00 04,STD
306,16:25:19.973,0x08E,8,00 02 00 00 14 14 00 00,STD
307,16:25:19.989,0x08F,8,0D 00 03 01 00 00 00 00,STD
308,16:25:20.020,0x091,8,01 03 00 00 00 00 02 00,STD
309,16:25:20.020,0x0CA,8,86 01 00 00 00 00 00 00,STD
310,16:25:20.020,0x0CA,8,86 01 00 00 00 00 00 00,STD
311,16:25:20.036,0x092,8,00 01 01 01 03 02 02 03,STD
312,16:25:20.067,0x032,8,00 00 01 00 00 00 00 01,STD
313,16:25:20.082,0x093,8,01 01 39 0D 00 06 03 01,STD
314,16:25:20.161,0x036,8,00 00 00 00 00 00 00 00,STD
315,16:25:20.240,0x033,8,00 00 64 64 00 00 00 00,STD
316,16:25:20.255,0x027,8,F0 00 00 00 00 00 00 00,STD
317,16:25:20.537,0x02B,8,F2 00 00 00 00 00 00 00,STD
318,16:25:20.600,0x032,8,00 00 01 00 00 00 00 01,STD
319,16:25:20.632,0x034,8,04 00 00 00 00 00 00 00,STD
320,16:25:20.648,0x035,8,01 00 38 00 00 00 1F 00,STD
321,16:25:20.679,0x05A,8,00 00 00 00 00 00 00 00,STD
322,16:25:20.695,0x05B,8,7F 00 00 00 04 00 00 00,STD
323,16:25:20.726,0x083,8,00 00 95 0B 93 0B 38 04,STD
324,16:25:20.758,0x084,8,85 85 01 01 00 06 2B 01,STD
325,16:25:20.773,0x033,8,00 00 64 64 00 00 00 00,STD
326,16:25:20.805,0x085,8,00 00 03 00 00 00 01 00,STD
327,16:25:20.821,0x086,8,02 5C 02 1E 00 01 01 01,STD
328,16:25:20.853,0x087,8,00 04 01 64 01 01 09 03,STD
329,16:25:20.868,0x088,8,01 1E 28 42 58 00 00 00,STD
330,16:25:20.900,0x089,8,01 04 04 04 04 00 00 00,STD
331,16:25:20.916,0x08A,8,01 00 00 00 00 00 00 00,STD
332,16:25:20.948,0x032,8,00 00 01 00 00 00 00 01,STD
333,16:25:20.980,0x08C,8,00 00 00 00 00 00 00 00,STD
334,16:25:20.995,0x08D,8,01 00 02 00 00 00 00 04,STD
335,16:25:21.027,0x08E,8,00 02 00 00 14 14 00 00,STD
336,16:25:21.043,0x08F,8,0D 00 03 01 00 00 00 00,STD
337,16:25:21.074,0x091,8,01 03 00 00 00 00 02 00,STD
338,16:25:21.074,0x0CA,8,86 01 00 00 00 00 00 00,STD
339,16:25:21.074,0x0CA,8,86 01 00 00 00 00 00 00,STD
340,16:25:21.090,0x092,8,00 01 01 01 03 02 02 03,STD
341,16:25:21.121,0x033,8,00 00 64 64 00 00 00 00,STD
342,16:25:21.137,0x093,8,01 01 39 0D 00 06 03 01,STD
343,16:25:21.419,0x036,8,00 00 00 00 00 00 00 00,STD
344,16:25:21.497,0x032,8,00 00 01 00 00 00 00 01,STD
345,16:25:21.529,0x027,8,F1 00 00 00 00 00 00 00,STD
346,16:25:21.592,0x02B,8,F0 00 00 00 00 00 00 00,STD
347,16:25:21.670,0x033,8,00 00 64 64 00 00 00 00,STD
348,16:25:21.686,0x034,8,04 00 00 00 00 00 00 00,STD
349,16:25:21.717,0x035,8,01 00 38 00 00 00 1F 00,STD
350,16:25:21.936,0x05A,8,00 00 00 00 00 00 00 00,STD
351,16:25:21.967,0x05B,8,7F 00 00 00 04 00 00 00,STD
352,16:25:21.983,0x083,8,00 00 95 0B 93 0B 38 04,STD
353,16:25:22.014,0x084,8,84 85 01 01 00 05 2B 01,STD
354,16:25:22.030,0x032,8,00 00 01 00 00 00 00 01,STD
355,16:25:22.061,0x085,8,00 00 03 00 00 00 01 00,STD
356,16:25:22.093,0x086,8,02 5C 02 1E 00 01 01 01,STD
357,16:25:22.108,0x087,8,00 04 01 64 01 01 09 03,STD
358,16:25:22.140,0x088,8,02 1E 28 42 58 00 00 00,STD
359,16:25:22.155,0x089,8,02 04 04 04 04 00 00 00,STD
360,16:25:22.187,0x08A,8,02 00 00 00 00 00 00 00,STD
361,16:25:22.202,0x033,8,00 00 64 64 00 00 00 00,STD
362,16:25:22.234,0x08C,8,00 00 00 00 00 00 00 00,STD
363,16:25:22.266,0x08D,8,01 00 02 00 00 00 00 04,STD
364,16:25:22.281,0x08E,8,00 02 00 00 14 14 00 00,STD
365,16:25:22.313,0x08F,8,0D 00 03 01 00 00 00 00,STD
366,16:25:22.328,0x091,8,01 03 00 00 00 00 02 00,STD
367,16:25:22.359,0x092,8,00 01 01 01 03 02 02 03,STD
368,16:25:22.374,0x032,8,00 00 01 00 00 00 00 01,STD
369,16:25:22.405,0x093,8,01 01 39 0D 00 06 03 01,STD
370,16:25:22.484,0x036,8,00 00 00 00 00 00 00 00,STD
371,16:25:22.547,0x033,8,00 00 64 64 00 00 00 00,STD
372,16:25:22.578,0x027,8,F0 00 00 00 00 00 00 00,STD
373,16:25:22.624,0x009,8,00 84 85 2B 2B 2B 7F 38,STD
374,16:25:22.843,0x02B,8,F1 00 00 00 00 00 00 00,STD
375,16:25:22.922,0x032,8,00 00 01 00 00 00 00 01,STD
376,16:25:22.953,0x034,8,04 00 00 00 00 00 00 00,STD
377,16:25:22.969,0x035,8,01 00 38 00 00 00 1F 00,STD
378,16:25:23.000,0x05A,8,00 00 00 00 00 00 00 00,STD
379,16:25:23.015,0x05B,8,7F 00 00 00 04 00 00 00,STD
380,16:25:23.047,0x083,8,00 00 95 0B 93 0B 38 04,STD
381,16:25:23.063,0x084,8,84 85 01 01 00 06 2B 01,STD
382,16:25:23.094,0x033,8,00 00 64 64 00 00 00 00,STD
383,16:25:23.125,0x085,8,00 00 03 00 00 00 01 00,STD
384,16:25:23.141,0x086,8,02 5C 02 1E 00 01 01 01,STD
385,16:25:23.360,0x087,8,00 04 01 64 01 01 09 03,STD
386,16:25:23.391,0x088,8,03 1E 28 42 58 00 00 00,STD
387,16:25:23.407,0x089,8,03 04 04 04 04 00 00 00,STD
388,16:25:23.438,0x08A,8,03 00 00 00 00 00 00 00,STD
389,16:25:23.469,0x032,8,00 00 01 00 00 00 00 01,STD
390,16:25:23.485,0x08C,8,00 00 00 00 00 00 00 00,STD
391,16:25:23.516,0x08D,8,01 00 02 00 00 00 00 04,STD
392,16:25:23.532,0x08E,8,00 02 00 00 14 14 00 00,STD
393,16:25:23.564,0x08F,8,0D 00 03 01 00 00 00 00,STD
394,16:25:23.579,0x091,8,01 03 00 00 00 00 02 00,STD
395,16:25:23.611,0x092,8,00 01 01 01 03 02 02 03,STD
396,16:25:23.642,0x033,8,00 00 64 64 00 00 00 00,STD
397,16:25:23.657,0x093,8,01 01 39 0D 00 06 03 01,STD
398,16:25:23.736,0x036,8,00 00 00 00 00 00 00 00,STD
399,16:25:23.799,0x032,8,00 00 01 00 00 00 00 01,STD
400,16:25:23.830,0x027,8,F1 00 00 00 00 00 00 00,STD
401,16:25:23.909,0x02B,8,F2 00 00 00 00 00 00 00,STD
402,16:25:23.972,0x033,8,00 00 64 64 00 00 00 00,STD
403,16:25:24.003,0x034,8,04 00 00 00 00 00 00 00,STD
404,16:25:24.035,0x035,8,01 00 38 00 00 00 1F 00,STD
405,16:25:24.254,0x05A,8,00 00 00 00 00 00 00 00,STD
406,16:25:24.285,0x05B,8,7F 00 00 00 04 00 00 00,STD
407,16:25:24.301,0x083,8,00 00 95 0B 93 0B 38 04,STD
408,16:25:24.332,0x084,8,84 85 01 01 00 05 2B 01,STD
409,16:25:24.348,0x032,8,00 00 01 00 00 00 00 01,STD
410,16:25:24.379,0x085,8,00 00 03 00 00 00 01 00,STD
411,16:25:24.410,0x086,8,02 5C 02 1E 00 01 01 01,STD
412,16:25:24.426,0x087,8,00 04 01 64 01 01 09 03,STD
413,16:25:24.457,0x088,8,04 1E 28 42 58 00 00 00,STD
414,16:25:24.473,0x089,8,04 04 04 04 04 00 00 00,STD
415,16:25:24.504,0x08A,8,04 00 00 00 00 00 00 00,STD
416,16:25:24.535,0x033,8,00 00 64 64 00 00 00 00,STD
417,16:25:24.550,0x08C,8,00 00 00 00 00 00 00 00,STD
418,16:25:24.582,0x08D,8,01 00 02 00 00 00 00 04,STD
419,16:25:24.801,0x08E,8,00 02 00 00 14 14 00 00,STD
420,16:25:24.816,0x08F,8,0D 00 03 01 00 00 00 00,STD
421,16:25:24.832,0x0AF,8,00 04 01 64 01 01 09 03,STD
422,16:25:24.848,0x091,8,01 03 00 00 00 00 02 00,STD
423,16:25:24.879,0x092,8,00 01 01 01 03 02 02 03,STD
424,16:25:24.895,0x032,8,00 00 01 00 00 00 00 01,STD
425,16:25:24.895,0x0B5,8,01 00 02 00 00 00 00 04,STD
426,16:25:24.926,0x093,8,01 01 39 0D 00 06 03 01,STD
427,16:25:24.958,0x00B,8,65 7F 64 64 04 04 00 00,STD
428,16:25:25.802,0x036,8,00 00 00 00 00 00 00 00,STD
429,16:25:26.069,0x033,8,00 00 64 64 00 00 00 00,STD
430,16:25:26.101,0x027,8,F0 00 00 00 00 00 00 00,STD
431,16:25:26.179,0x02B,8,F0 00 00 00 00 00 00 00,STD
432,16:25:26.241,0x032,8,00 00 01 00 00 00 00 01,STD
433,16:25:26.273,0x034,8,04 00 00 00 00 00 00 00,STD
434,16:25:26.304,0x035,8,01 00 38 00 00 00 1F 00,STD
435,16:25:26.320,0x05A,8,00 00 00 00 00 00 00 00,STD
436,16:25:26.351,0x05B,8,7F 00 00 00 04 00 00 00,STD
437,16:25:26.367,0x083,8,00 00 95 0B 93 0B 38 04,STD
438,16:25:26.398,0x084,8,84 85 01 01 00 05 2B 01,STD
439,16:25:26.414,0x033,8,00 00 64 64 00 00 00 00,STD
440,16:25:26.445,0x085,8,00 00 03 00 00 00 01 00,STD
441,16:25:26.461,0x086,8,02 5C 02 1E 00 01 01 01,STD
442,16:25:26.492,0x087,8,00 04 01 64 01 01 09 03,STD
443,16:25:26.524,0x088,8,05 1E 28 42 58 00 00 00,STD
444,16:25:26.539,0x089,8,05 04 04 04 04 00 00 00,STD
445,16:25:26.570,0x08A,8,05 00 00 00 00 00 00 00,STD
446,16:25:26.586,0x032,8,00 00 01 00 00 00 00 01,STD
447,16:25:26.617,0x08C,8,00 00 00 00 00 00 00 00,STD
448,16:25:26.633,0x08D,8,01 00 02 00 00 00 00 04,STD
449,16:25:26.665,0x08E,8,00 02 00 00 14 14 00 00,STD
450,16:25:26.696,0x08F,8,0D 00 03 01 00 00 00 00,STD
451,16:25:26.915,0x091,8,01 03 00 00 00 00 02 00,STD
452,16:25:26.946,0x092,8,00 01 01 01 03 02 02 03,STD
453,16:25:26.962,0x033,8,00 00 64 64 00 00 00 00,STD
454,16:25:26.993,0x093,8,01 01 39 0D 00 06 03 01,STD
455,16:25:27.071,0x036,8,00 00 00 00 00 00 00 00,STD
456,16:25:27.134,0x032,8,00 00 01 00 00 00 00 01,STD
457,16:25:27.166,0x027,8,F1 00 00 00 00 00 00 00,STD
458,16:25:27.244,0x02B,8,F1 00 00 00 00 00 00 00,STD
459,16:25:27.511,0x033,8,00 00 64 64 00 00 00 00,STD
460,16:25:27.527,0x034,8,04 00 00 00 00 00 00 00,STD
461,16:25:27.558,0x035,8,01 00 38 00 00 00 1F 00,STD
462,16:25:27.590,0x05A,8,00 00 00 00 00 00 00 00,STD
463,16:25:27.606,0x05B,8,7F 00 00 00 04 00 00 00,STD
464,16:25:27.637,0x083,8,00 00 95 0B 93 0B 38 04,STD
465,16:25:27.653,0x084,8,84 85 01 01 00 06 2B 01,STD
466,16:25:27.684,0x032,8,00 00 01 00 00 00 00 01,STD
467,16:25:27.700,0x085,8,00 00 03 00 00 00 01 00,STD
468,16:25:27.731,0x086,8,02 5C 02 1E 00 01 01 01,STD
469,16:25:27.747,0x087,8,00 04 01 64 01 01 09 03,STD
470,16:25:27.778,0x088,8,06 1E 28 42 58 00 00 00,STD
471,16:25:27.810,0x089,8,06 04 04 04 04 00 00 00,STD
472,16:25:27.825,0x08A,8,06 00 00 00 00 00 00 00,STD
473,16:25:27.857,0x00B,8,13 7F 64 64 04 04 00 00,STD
474,16:25:27.857,0x033,8,00 00 64 64 00 00 00 00,STD
475,16:25:27.872,0x08C,8,00 00 00 00 00 00 00 00,STD
476,16:25:27.904,0x08D,8,01 00 02 00 00 00 00 04,STD
477,16:25:27.920,0x08E,8,00 02 00 00 14 14 00 00,STD
478,16:25:27.951,0x08F,8,0D 00 03 01 00 00 00 00,STD
479,16:25:27.982,0x091,8,01 03 00 00 00 00 02 00,STD
480,16:25:27.998,0x092,8,00 01 01 01 03 02 02 03,STD
481,16:25:28.030,0x032,8,00 00 01 00 00 00 00 01,STD
482,16:25:28.045,0x093,8,01 01 39 0D 00 06 03 01,STD
483,16:25:28.124,0x036,8,00 00 00 00 00 00 00 00,STD
484,16:25:28.406,0x033,8,00 00 64 64 00 00 00 00,STD
485,16:25:28.422,0x027,8,F0 00 00 00 00 00 00 00,STD
486,16:25:28.500,0x02B,8,F2 00 00 00 00 00 00 00,STD
487,16:25:28.579,0x032,8,00 00 01 00 00 00 00 01,STD
488,16:25:28.594,0x034,8,04 00 00 00 00 00 00 00,STD
489,16:25:28.625,0x035,8,01 00 38 00 00 00 1F 00,STD
490,16:25:28.641,0x05A,8,00 00 00 00 00 00 00 00,STD
491,16:25:28.672,0x05B,8,7F 00 00 00 04 00 00 00,STD
492,16:25:28.892,0x083,8,00 00 95 0B 93 0B 38 04,STD
493,16:25:28.923,0x084,8,84 85 01 01 00 05 2B 01,STD
494,16:25:28.938,0x033,8,00 00 64 64 00 00 00 00,STD
495,16:25:28.970,0x085,8,00 00 03 00 00 00 01 00,STD
496,16:25:28.986,0x086,8,02 5C 02 1E 00 01 01 01,STD
497,16:25:29.017,0x087,8,00 04 01 64 01 01 09 03,STD
498,16:25:29.033,0x088,8,07 1E 28 42 58 00 00 00,STD
499,16:25:29.064,0x089,8,07 04 04 04 04 00 00 00,STD
500,16:25:29.095,0x08A,8,07 00 00 00 00 00 00 00,STD
501,16:25:29.111,0x032,8,00 00 01 00 00 00 00 01,STD
502,16:25:29.142,0x08C,8,00 00 00 00 00 00 00 00,STD
503,16:25:29.159,0x08D,8,01 00 02 00 00 00 00 04,STD
504,16:25:29.190,0x08E,8,00 02 00 00 14 14 00 00,STD
505,16:25:29.205,0x08F,8,0D 00 03 01 00 00 00 00,STD
506,16:25:29.237,0x091,8,01 03 00 00 00 00 02 00,STD
507,16:25:29.252,0x029,2,02 00,STD
508,16:25:29.253,0x029,2,02 01,STD
509,16:25:29.268,0x092,8,00 01 01 01 03 02 02 03,STD
510,16:25:29.284,0x033,8,00 00 64 64 00 00 00 00,STD
511,16:25:29.315,0x093,8,01 01 39 0D 00 06 03 01,STD
512,16:25:29.377,0x036,8,00 00 00 00 00 00 00 00,STD
513,16:25:29.456,0x032,8,00 00 01 00 00 00 00 01,STD
514,16:25:29.487,0x027,8,F1 00 00 00 00 00 00 00,STD
515,16:25:29.549,0x02B,8,F0 00 00 00 00 00 00 00,STD
516,16:25:29.831,0x033,8,00 00 64 64 00 00 00 00,STD
517,16:25:29.863,0x034,8,04 00 00 00 00 00 00 00,STD
518,16:25:29.878,0x035,8,01 00 38 00 00 00 1F 00,STD
519,16:25:29.910,0x05A,8,00 00 00 00 00 00 00 00,STD
520,16:25:29.941,0x05B,8,7F 00 00 00 04 00 00 00,STD
521,16:25:29.956,0x083,8,00 00 95 0B 93 0B 38 04,STD
522,16:25:29.988,0x084,8,84 85 01 01 00 05 2B 01,STD
523,16:25:30.004,0x032,8,00 00 01 00 00 00 00 01,STD
524,16:25:30.035,0x085,8,00 00 03 00 00 00 01 00,STD
525,16:25:30.051,0x086,8,02 5C 02 1E 00 01 01 01,STD
526,16:25:30.082,0x087,8,00 04 01 64 01 01 09 03,STD
527,16:25:30.098,0x088,8,00 1E 28 42 58 00 00 00,STD
528,16:25:30.332,0x089,8,00 12 12 12 15 00 00 00,STD
529,16:25:30.348,0x08A,8,00 01 02 02 01 00 00 00,STD
530,16:25:30.379,0x033,8,00 00 64 64 00 00 00 00,STD
531,16:25:30.394,0x08C,8,00 00 00 00 00 00 00 00,STD
532,16:25:30.426,0x08D,8,01 00 02 00 00 00 00 04,STD
533,16:25:30.442,0x08E,8,00 02 00 00 14 14 00 00,STD
534,16:25:30.473,0x08F,8,0D 00 03 01 00 00 00 00,STD
535,16:25:30.504,0x091,8,01 03 00 00 00 00 02 00,STD
536,16:25:30.520,0x092,8,00 01 01 01 03 02 02 03,STD
537,16:25:30.551,0x032,8,00 00 01 00 00 00 00 01,STD
538,16:25:30.567,0x093,8,01 01 39 0D 00 06 03 01,STD
539,16:25:30.645,0x036,8,00 00 00 00 00 00 00 00,STD
540,16:25:30.723,0x033,8,00 00 64 64 00 00 00 00,STD
541,16:25:30.739,0x027,8,F0 00 00 00 00 00 00 00,STD
542,16:25:30.817,0x02B,8,F1 00 00 00 00 00 00 00,STD
543,16:25:30.895,0x032,8,00 00 01 00 00 00 00 01,STD
544,16:25:30.911,0x034,8,04 00 00 00 00 00 00 00,STD
545,16:25:30.942,0x035,8,01 00 38 00 00 00 1F 00,STD
546,16:25:30.958,0x05A,8,00 00 00 00 00 00 00 00,STD
547,16:25:30.989,0x05B,8,7F 00 00 00 04 00 00 00,STD
548,16:25:31.224,0x083,8,00 00 95 0B 93 0B 38 04,STD
549,16:25:31.239,0x084,8,84 85 01 01 00 05 2B 01,STD
550,16:25:31.271,0x033,8,00 00 64 64 00 00 00 00,STD
551,16:25:31.286,0x085,8,00 00 03 00 00 00 01 00,STD
552,16:25:31.318,0x086,8,02 5C 02 1E 00 01 01 01,STD
553,16:25:31.349,0x087,8,00 04 01 64 01 01 09 03,STD
554,16:25:31.365,0x088,8,01 1E 28 42 58 00 00 00,STD
555,16:25:31.396,0x089,8,01 04 04 04 04 00 00 00,STD
556,16:25:31.412,0x08A,8,01 00 00 00 00 00 00 00,STD
557,16:25:31.443,0x032,8,00 00 01 00 00 00 00 01,STD
558,16:25:31.459,0x08C,8,00 00 00 00 00 00 00 00,STD
559,16:25:31.490,0x08D,8,01 00 02 00 00 00 00 04,STD
560,16:25:31.521,0x08E,8,00 02 00 00 14 14 00 00,STD
561,16:25:31.537,0x08F,8,0D 00 03 01 00 00 00 00,STD
562,16:25:31.757,0x091,8,01 03 00 00 00 00 02 00,STD
563,16:25:31.788,0x092,8,00 01 01 01 03 02 02 03,STD
564,16:25:31.803,0x033,8,00 00 64 64 00 00 00 00,STD
565,16:25:31.835,0x093,8,01 01 39 0D 00 06 03 01,STD
566,16:25:31.913,0x036,8,00 00 00 00 00 00 00 00,STD
567,16:25:31.976,0x032,8,00 00 01 00 00 00 00 01,STD
568,16:25:32.007,0x027,8,F1 00 00 00 00 00 00 00,STD
569,16:25:32.085,0x02B,8,F2 00 00 00 00 00 00 00,STD
570,16:25:32.149,0x033,8,00 00 64 64 00 00 00 00,STD
571,16:25:32.181,0x034,8,04 00 00 00 00 00 00 00,STD
572,16:25:32.197,0x035,8,01 00 38 00 00 00 1F 00,STD
573,16:25:32.228,0x05A,8,00 00 00 00 00 00 00 00,STD
574,16:25:32.244,0x05B,8,7F 00 00 00 04 00 00 00,STD
575,16:25:32.275,0x083,8,00 00 95 0B 93 0B 38 04,STD
576,16:25:32.307,0x084,8,84 85 01 01 00 05 2B 01,STD
577,16:25:32.323,0x032,8,00 00 01 00 00 00 00 01,STD
578,16:25:32.355,0x085,8,00 00 03 00 00 00 01 00,STD
579,16:25:32.371,0x086,8,02 5C 02 1E 00 01 01 01,STD
580,16:25:32.403,0x087,8,00 04 01 64 01 01 09 03,STD
581,16:25:32.418,0x088,8,02 1E 28 42 58 00 00 00,STD
582,16:25:32.653,0x089,8,02 04 04 04 04 00 00 00,STD
583,16:25:32.684,0x08A,8,02 00 00 00 00 00 00 00,STD
584,16:25:32.699,0x033,8,00 00 64 64 00 00 00 00,STD
585,16:25:32.731,0x08C,8,00 00 00 00 00 00 00 00,STD
586,16:25:32.747,0x08D,8,01 00 02 00 00 00 00 04,STD
587,16:25:32.778,0x08E,8,00 02 00 00 14 14 00 00,STD
588,16:25:32.794,0x08F,8,0D 00 03 01 00 00 00 00,STD
589,16:25:32.825,0x091,8,01 03 00 00 00 00 02 00,STD
590,16:25:32.856,0x092,8,00 01 01 01 03 02 02 03,STD
591,16:25:32.872,0x032,8,00 00 01 00 00 00 00 01,STD
592,16:25:32.903,0x093,8,01 01 39 0D 00 06 03 01,STD
593,16:25:32.966,0x036,8,00 00 00 00 00 00 00 00,STD
594,16:25:33.247,0x033,8,00 00 64 64 00 00 00 00,STD
595,16:25:33.263,0x027,8,F0 00 00 00 00 00 00 00,STD
596,16:25:33.341,0x02B,8,F0 00 00 00 00 00 00 00,STD
597,16:25:33.419,0x032,8,00 00 01 00 00 00 00 01,STD
598,16:25:33.435,0x034,8,04 00 00 00 00 00 00 00,STD
599,16:25:33.466,0x035,8,01 00 38 00 00 00 1F 00,STD
600,16:25:33.482,0x05A,8,00 00 00 00 00 00 00 00,STD
601,16:25:33.513,0x05B,8,7F 00 00 00 04 00 00 00,STD
602,16:25:33.544,0x083,8,00 00 95 0B 93 0B 38 04,STD
603,16:25:33.560,0x084,8,84 85 01 01 00 05 2B 01,STD
604,16:25:33.591,0x033,8,00 00 64 64 00 00 00 00,STD
605,16:25:33.607,0x085,8,00 00 03 00 00 00 01 00,STD
606,16:25:33.638,0x086,8,02 5C 02 1E 00 01 01 01,STD
607,16:25:33.654,0x087,8,00 04 01 64 01 01 09 03,STD
608,16:25:33.685,0x088,8,03 1E 28 42 58 00 00 00,STD
609,16:25:33.702,0x089,8,03 04 04 04 04 00 00 00,STD
610,16:25:33.733,0x08A,8,03 00 00 00 00 00 00 00,STD
611,16:25:33.764,0x032,8,00 00 01 00 00 00 00 01,STD
612,16:25:33.780,0x08C,8,00 00 00 00 00 00 00 00,STD
613,16:25:33.811,0x08D,8,01 00 02 00 00 00 00 04,STD
614,16:25:33.827,0x08E,8,00 02 00 00 14 14 00 00,STD
615,16:25:33.858,0x08F,8,0D 00 03 01 00 00 00 00,STD
616,16:25:34.094,0x091,8,01 03 00 00 00 00 02 00,STD
617,16:25:34.110,0x092,8,00 01 01 01 03 02 02 03,STD
618,16:25:34.141,0x033,8,00 00 64 64 00 00 00 00,STD
619,16:25:34.157,0x093,8,01 01 39 0D 00 06 03 01,STD
620,16:25:34.235,0x036,8,00 00 00 00 00 00 00 00,STD
621,16:25:34.313,0x032,8,00 00 01 00 00 00 00 01,STD
622,16:25:34.329,0x027,8,F1 00 00 00 00 00 00 00,STD
623,16:25:34.407,0x02B,8,F1 00 00 00 00 00 00 00,STD
624,16:25:34.673,0x033,8,00 00 64 64 00 00 00 00,STD
625,16:25:34.704,0x034,8,04 00 00 00 00 00 00 00,STD
626,16:25:34.720,0x035,8,01 00 38 00 00 00 1F 00,STD
627,16:25:34.751,0x05A,8,00 00 00 00 00 00 00 00,STD
628,16:25:34.767,0x05B,8,7F 00 00 00 04 00 00 00,STD
629,16:25:34.798,0x083,8,00 00 95 0B 93 0B 38 04,STD
630,16:25:34.830,0x084,8,84 85 01 01 00 05 2B 01,STD
631,16:25:34.846,0x032,8,00 00 01 00 00 00 00 01,STD
632,16:25:34.877,0x085,8,00 00 03 00 00 00 01 00,STD
633,16:25:34.893,0x086,8,02 5C 02 1E 00 01 01 01,STD
634,16:25:34.925,0x087,8,00 04 01 64 01 01 09 03,STD
635,16:25:34.940,0x088,8,04 1E 28 42 58 00 00 00,STD
636,16:25:34.972,0x089,8,04 04 04 04 04 00 00 00,STD
637,16:25:35.003,0x08A,8,04 00 00 00 00 00 00 00,STD
638,16:25:35.019,0x033,8,00 00 64 64 00 00 00 00,STD
639,16:25:35.050,0x08C,8,00 00 00 00 00 00 00 00,STD
640,16:25:35.066,0x08D,8,01 00 02 00 00 00 00 04,STD
641,16:25:35.097,0x08E,8,00 02 00 00 14 14 00 00,STD
642,16:25:35.113,0x08F,8,0D 00 03 01 00 00 00 00,STD
643,16:25:35.144,0x091,8,01 03 00 00 00 00 02 00,STD
644,16:25:35.160,0x092,8,00 01 01 01 03 02 02 03,STD
645,16:25:35.191,0x032,8,00 00 01 00 00 00 00 01,STD
646,16:25:35.222,0x093,8,01 01 39 0D 00 06 03 01,STD
647,16:25:35.285,0x036,8,00 00 00 00 00 00 00 00,STD
648,16:25:35.566,0x033,8,00 00 64 64 00 00 00 00,STD
649,16:25:35.598,0x027,8,F0 00 00 00 00 00 00 00,STD
650,16:25:35.660,0x02B,8,F2 00 00 00 00 00 00 00,STD
651,16:25:35.739,0x032,8,00 00 01 00 00 00 00 01,STD
652,16:25:35.770,0x034,8,04 00 00 00 00 00 00 00,STD
653,16:25:35.786,0x035,8,01 00 38 00 00 00 1F 00,STD
654,16:25:35.817,0x05A,8,00 00 00 00 00 00 00 00,STD
655,16:25:35.832,0x05B,8,7F 00 00 00 04 00 00 00,STD
656,16:25:36.067,0x083,8,00 00 95 0B 93 0B 38 04,STD
657,16:25:36.083,0x084,8,84 85 01 01 00 05 2B 01,STD
658,16:25:36.114,0x033,8,00 00 64 64 00 00 00 00,STD
659,16:25:36.130,0x085,8,00 00 03 00 00 00 01 00,STD
660,16:25:36.161,0x086,8,02 5C 02 1E 00 01 01 01,STD
661,16:25:36.177,0x087,8,00 04 01 64 01 01 09 03,STD
662,16:25:36.208,0x088,8,05 1E 28 42 58 00 00 00,STD
663,16:25:36.239,0x089,8,05 04 04 04 04 00 00 00,STD
664,16:25:36.256,0x08A,8,05 00 00 00 00 00 00 00,STD
665,16:25:36.287,0x032,8,00 00 01 00 00 00 00 01,STD
666,16:25:36.303,0x08C,8,00 00 00 00 00 00 00 00,STD
667,16:25:36.334,0x08D,8,01 00 02 00 00 00 00 04,STD
668,16:25:36.350,0x08E,8,00 02 00 00 14 14 00 00,STD
669,16:25:36.381,0x08F,8,0D 00 03 01 00 00 00 00,STD
670,16:25:36.397,0x091,8,01 03 00 00 00 00 02 00,STD
671,16:25:36.428,0x092,8,00 01 01 01 03 02 02 03,STD
672,16:25:36.459,0x033,8,00 00 64 64 00 00 00 00,STD
673,16:25:36.474,0x093,8,01 01 39 0D 00 06 03 01,STD
674,16:25:36.552,0x036,8,00 00 00 00 00 00 00 00,STD
675,16:25:36.631,0x032,8,00 00 01 00 00 00 00 01,STD
676,16:25:36.646,0x027,8,F1 00 00 00 00 00 00 00,STD
677,16:25:36.725,0x02B,8,F0 00 00 00 00 00 00 00,STD
678,16:25:37.007,0x033,8,00 00 64 64 00 00 00 00,STD
679,16:25:37.023,0x034,8,04 00 00 00 00 00 00 00,STD
680,16:25:37.054,0x035,8,01 00 38 00 00 00 1F 00,STD
681,16:25:37.069,0x05A,8,00 00 00 00 00 00 00 00,STD
682,16:25:37.101,0x05B,8,7F 00 00 00 04 00 00 00,STD
683,16:25:37.132,0x083,8,00 00 95 0B 93 0B 38 04,STD
684,16:25:37.148,0x084,8,84 85 01 01 00 05 2B 01,STD
685,16:25:37.179,0x032,8,00 00 01 00 00 00 00 01,STD
686,16:25:37.195,0x085,8,00 00 03 00 00 00 01 00,STD
687,16:25:37.226,0x086,8,02 5C 02 1E 00 01 01 01,STD
688,16:25:37.242,0x087,8,00 04 01 64 01 01 09 03,STD
689,16:25:37.273,0x088,8,06 1E 28 42 58 00 00 00,STD
690,16:25:37.492,0x089,8,06 04 04 04 04 00 00 00,STD
691,16:25:37.524,0x08A,8,06 00 00 00 00 00 00 00,STD
692,16:25:37.539,0x033,8,00 00 64 64 00 00 00 00,STD
693,16:25:37.570,0x08C,8,00 00 00 00 00 00 00 00,STD
694,16:25:37.586,0x08D,8,01 00 02 00 00 00 00 04,STD
695,16:25:37.618,0x08E,8,00 02 00 00 14 14 00 00,STD
696,16:25:37.649,0x08F,8,0D 00 03 01 00 00 00 00,STD
697,16:25:37.665,0x091,8,01 03 00 00 00 00 02 00,STD
698,16:25:37.696,0x092,8,00 01 01 01 03 02 02 03,STD
699,16:25:37.712,0x032,8,00 00 01 00 00 00 00 01,STD
700,16:25:37.743,0x093,8,01 01 39 0D 00 06 03 01,STD
701,16:25:37.806,0x036,8,00 00 00 00 00 00 00 00,STD
702,16:25:37.883,0x033,8,00 00 64 64 00 00 00 00,STD
703,16:25:37.915,0x027,8,F0 00 00 00 00 00 00 00,STD
704,16:25:37.993,0x02B,8,F1 00 00 00 00 00 00 00,STD
705,16:25:38.056,0x032,8,00 00 01 00 00 00 00 01,STD
706,16:25:38.087,0x034,8,04 00 00 00 00 00 00 00,STD
707,16:25:38.103,0x035,8,01 00 38 00 00 00 1F 00,STD
708,16:25:38.134,0x05A,8,00 00 00 00 00 00 00 00,STD
709,16:25:38.150,0x05B,8,7F 00 00 00 04 00 00 00,STD
710,16:25:38.384,0x083,8,00 00 95 0B 93 0B 38 04,STD
711,16:25:38.416,0x084,8,84 85 01 01 00 05 2B 01,STD
712,16:25:38.431,0x033,8,00 00 64 64 00 00 00 00,STD
713,16:25:38.463,0x085,8,00 00 03 00 00 00 01 00,STD
714,16:25:38.478,0x086,8,02 5C 02 1E 00 01 01 01,STD
715,16:25:38.510,0x087,8,00 04 01 64 01 01 09 03,STD
716,16:25:38.541,0x088,8,07 1E 28 42 58 00 00 00,STD
717,16:25:38.557,0x089,8,07 04 04 04 04 00 00 00,STD
718,16:25:38.587,0x08A,8,07 00 00 00 00 00 00 00,STD
719,16:25:38.603,0x032,8,00 00 01 00 00 00 00 01,STD
720,16:25:38.634,0x08C,8,00 00 00 00 00 00 00 00,STD
721,16:25:38.650,0x08D,8,01 00 02 00 00 00 00 04,STD
722,16:25:38.681,0x08E,8,00 02 00 00 14 14 00 00,STD
723,16:25:38.713,0x08F,8,0D 00 03 01 00 00 00 00,STD
724,16:25:38.932,0x091,8,01 03 00 00 00 00 02 00,STD
725,16:25:38.948,0x092,8,00 01 01 01 03 02 02 03,STD
726,16:25:38.980,0x033,8,00 00 64 64 00 00 00 00,STD
727,16:25:38.995,0x093,8,01 01 39 0D 00 06 03 01,STD
728,16:25:39.074,0x036,8,00 00 00 00 00 00 00 00,STD
729,16:25:39.153,0x032,8,00 00 01 00 00 00 00 01,STD
730,16:25:39.169,0x027,8,F1 00 00 00 00 00 00 00,STD
731,16:25:39.248,0x02B,8,F2 00 00 00 00 00 00 00,STD
732,16:25:39.327,0x033,8,00 00 64 64 00 00 00 00,STD
733,16:25:39.343,0x034,8,04 00 00 00 00 00 00 00,STD
734,16:25:39.375,0x035,8,01 00 38 00 00 00 1F 00,STD
735,16:25:39.391,0x05A,8,00 00 00 00 00 00 00 00,STD
736,16:25:39.423,0x05B,8,7F 00 00 00 04 00 00 00,STD
737,16:25:39.439,0x083,8,00 00 95 0B 93 0B 38 04,STD
738,16:25:39.471,0x084,8,84 85 01 01 00 06 2B 01,STD
739,16:25:39.486,0x032,8,00 00 01 00 00 00 00 01,STD
740,16:25:39.518,0x085,8,00 00 03 00 00 00 01 00,STD
741,16:25:39.534,0x086,8,02 5C 02 1E 00 01 01 01,STD
742,16:25:39.565,0x087,8,00 04 01 64 01 01 09 03,STD
743,16:25:39.597,0x088,8,00 1E 28 42 58 00 00 00,STD
744,16:25:39.817,0x089,8,00 12 12 12 15 00 00 00,STD
745,16:25:39.848,0x08A,8,00 01 02 02 01 00 00 00,STD
746,16:25:39.864,0x033,8,00 00 64 64 00 00 00 00,STD
747,16:25:39.895,0x08C,8,00 00 00 00 00 00 00 00,STD
748,16:25:39.927,0x08D,8,01 00 02 00 00 00 00 04,STD
749,16:25:39.942,0x08E,8,00 02 00 00 14 14 00 00,STD
750,16:25:39.974,0x08F,8,0D 00 03 01 00 00 00 00,STD
751,16:25:39.989,0x091,8,01 03 00 00 00 00 02 00,STD
752,16:25:40.020,0x092,8,00 01 01 01 03 02 02 03,STD
753,16:25:40.036,0x032,8,00 00 01 00 00 00 00 01,STD
754,16:25:40.067,0x093,8,01 01 39 0D 00 06 03 01,STD
755,16:25:40.145,0x036,8,00 00 00 00 00 00 00 00,STD
756,16:25:40.412,0x033,8,00 00 64 64 00 00 00 00,STD
757,16:25:40.427,0x027,8,F0 00 00 00 00 00 00 00,STD
758,16:25:40.506,0x02B,8,F0 00 00 00 00 00 00 00,STD
759,16:25:40.585,0x032,8,00 00 01 00 00 00 00 01,STD
760,16:25:40.600,0x034,8,04 00 00 00 00 00 00 00,STD
761,16:25:40.632,0x035,8,01 00 38 00 00 00 1F 00,STD
762,16:25:40.663,0x05A,8,00 00 00 00 00 00 00 00,STD
763,16:25:40.679,0x05B,8,7F 00 00 00 04 00 00 00,STD
764,16:25:40.710,0x083,8,00 00 95 0B 93 0B 38 04,STD
765,16:25:40.726,0x084,8,84 85 01 01 00 05 2B 01,STD
766,16:25:40.757,0x033,8,00 00 64 64 00 00 00 00,STD
767,16:25:40.773,0x085,8,00 00 03 00 00 00 01 00,STD
768,16:25:40.804,0x086,8,02 5C 02 1E 00 01 01 01,STD
769,16:25:40.820,0x087,8,00 04 01 64 01 01 09 03,STD
770,16:25:40.851,0x088,8,01 1E 28 42 58 00 00 00,STD
771,16:25:40.882,0x089,8,01 04 04 04 04 00 00 00,STD
772,16:25:40.898,0x08A,8,01 00 00 00 00 00 00 00,STD
773,16:25:40.929,0x032,8,00 00 01 00 00 00 00 01,STD
774,16:25:40.945,0x08C,8,00 00 00 00 00 00 00 00,STD
775,16:25:40.976,0x08D,8,01 00 02 00 00 00 00 04,STD
776,16:25:40.992,0x08E,8,00 02 00 00 14 14 00 00,STD
777,16:25:41.024,0x08F,8,0D 00 03 01 00 00 00 00,STD
778,16:25:41.259,0x091,8,01 03 00 00 00 00 02 00,STD
779,16:25:41.275,0x092,8,00 01 01 01 03 02 02 03,STD
780,16:25:41.306,0x033,8,00 00 64 64 00 00 00 00,STD
781,16:25:41.322,0x093,8,01 01 39 0D 00 06 03 01,STD
782,16:25:41.400,0x036,8,00 00 00 00 00 00 00 00,STD
783,16:25:41.478,0x032,8,00 00 01 00 00 00 00 01,STD
784,16:25:41.494,0x027,8,F1 00 00 00 00 00 00 00,STD
785,16:25:41.573,0x02B,8,F1 00 00 00 00 00 00 00,STD
786,16:25:41.839,0x033,8,00 00 64 64 00 00 00 00,STD
787,16:25:41.870,0x034,8,04 00 00 00 00 00 00 00,STD
788,16:25:41.886,0x035,8,01 00 38 00 00 00 1F 00,STD
789,16:25:41.917,0x05A,8,00 00 00 00 00 00 00 00,STD
790,16:25:41.948,0x05B,8,7F 00 00 00 04 00 00 00,STD
791,16:25:41.964,0x083,8,00 00 95 0B 93 0B 38 04,STD
792,16:25:41.996,0x084,8,84 85 01 01 00 06 2B 01,STD
793,16:25:42.011,0x032,8,00 00 01 00 00 00 00 01,STD
794,16:25:42.042,0x085,8,00 00 03 00 00 00 01 00,STD
795,16:25:42.058,0x086,8,02 5C 02 1E 00 01 01 01,STD
796,16:25:42.089,0x087,8,00 04 01 64 01 01 09 03,STD
797,16:25:42.120,0x088,8,02 1E 28 42 58 00 00 00,STD
798,16:25:42.136,0x089,8,02 04 04 04 04 00 00 00,STD
799,16:25:42.167,0x08A,8,02 00 00 00 00 00 00 00,STD
800,16:25:42.183,0x033,8,00 00 64 64 00 00 00 00,STD
801,16:25:42.214,0x08C,8,00 00 00 00 00 00 00 00,STD
802,16:25:42.230,0x08D,8,01 00 02 00 00 00 00 04,STD
803,16:25:42.261,0x08E,8,00 02 00 00 14 14 00 00,STD
804,16:25:42.293,0x08F,8,0D 00 03 01 00 00 00 00,STD
805,16:25:42.308,0x091,8,01 03 00 00 00 00 02 00,STD
806,16:25:42.339,0x092,8,00 01 01 01 03 02 02 03,STD
807,16:25:42.355,0x032,8,00 00 01 00 00 00 00 01,STD
808,16:25:42.386,0x093,8,01 01 39 0D 00 06 03 01,STD
809,16:25:42.465,0x036,8,00 00 00 00 00 00 00 00,STD
810,16:25:42.731,0x033,8,00 00 64 64 00 00 00 00,STD
811,16:25:42.762,0x027,8,F0 00 00 00 00 00 00 00,STD
812,16:25:42.841,0x02B,8,F2 00 00 00 00 00 00 00,STD
813,16:25:42.904,0x032,8,00 00 01 00 00 00 00 01,STD
814,16:25:42.935,0x034,8,04 00 00 00 00 00 00 00,STD
815,16:25:42.951,0x035,8,01 00 38 00 00 00 1F 00,STD
816,16:25:42.982,0x05A,8,00 00 00 00 00 00 00 00,STD
817,16:25:43.014,0x05B,8,7F 00 00 00 04 00 00 00,STD
818,16:25:43.233,0x083,8,00 00 95 0B 93 0B 38 04,STD
819,16:25:43.248,0x084,8,84 85 01 01 00 05 2B 01,STD
820,16:25:43.280,0x033,8,00 00 64 64 00 00 00 00,STD
821,16:25:43.296,0x085,8,00 00 03 00 00 00 01 00,STD
822,16:25:43.327,0x086,8,02 5C 02 1E 00 01 01 01,STD
823,16:25:43.358,0x087,8,00 04 01 64 01 01 09 03,STD
824,16:25:43.374,0x088,8,03 1E 28 42 58 00 00 00,STD
825,16:25:43.405,0x089,8,03 04 04 04 04 00 00 00,STD
826,16:25:43.421,0x08A,8,03 00 00 00 00 00 00 00,STD
827,16:25:43.452,0x032,8,00 00 01 00 00 00 00 01,STD
828,16:25:43.468,0x08C,8,00 00 00 00 00 00 00 00,STD
829,16:25:43.498,0x08D,8,01 00 02 00 00 00 00 04,STD
830,16:25:43.530,0x08E,8,00 02 00 00 14 14 00 00,STD
831,16:25:43.546,0x08F,8,0D 00 03 01 00 00 00 00,STD
832,16:25:43.577,0x091,8,01 03 00 00 00 00 02 00,STD
833,16:25:43.592,0x092,8,00 01 01 01 03 02 02 03,STD
834,16:25:43.624,0x033,8,00 00 64 64 00 00 00 00,STD
835,16:25:43.640,0x093,8,01 01 39 0D 00 06 03 01,STD
836,16:25:43.719,0x036,8,00 00 00 00 00 00 00 00,STD
837,16:25:43.797,0x032,8,00 00 01 00 00 00 00 01,STD
838,16:25:43.813,0x027,8,F1 00 00 00 00 00 00 00,STD
839,16:25:43.891,0x02B,8,F0 00 00 00 00 00 00 00,STD
840,16:25:44.172,0x033,8,00 00 64 64 00 00 00 00,STD
841,16:25:44.188,0x034,8,04 00 00 00 00 00 00 00,STD
842,16:25:44.220,0x035,8,01 00 38 00 00 00 1F 00,STD
843,16:25:44.235,0x05A,8,00 00 00 00 00 00 00 00,STD
844,16:25:44.267,0x05B,8,7F 00 00 00 04 00 00 00,STD
845,16:25:44.299,0x083,8,00 00 95 0B 93 0B 38 04,STD
846,16:25:44.315,0x084,8,84 85 01 01 00 05 2B 01,STD
847,16:25:44.346,0x032,8,00 00 01 00 00 00 00 01,STD
848,16:25:44.362,0x085,8,00 00 03 00 00 00 01 00,STD
849,16:25:44.394,0x086,8,02 5C 02 1E 00 01 01 01,STD
850,16:25:44.410,0x087,8,00 04 01 64 01 01 09 03,STD
851,16:25:44.441,0x088,8,04 1E 28 42 58 00 00 00,STD
852,16:25:44.661,0x089,8,04 04 04 04 04 00 00 00,STD
853,16:25:44.693,0x08A,8,04 00 00 00 00 00 00 00,STD
854,16:25:44.709,0x033,8,00 00 64 64 00 00 00 00,STD
855,16:25:44.740,0x08C,8,00 00 00 00 00 00 00 00,STD
856,16:25:44.755,0x08D,8,01 00 02 00 00 00 00 04,STD
857,16:25:44.787,0x08E,8,00 02 00 00 14 14 00 00,STD
858,16:25:44.802,0x08F,8,0D 00 03 01 00 00 00 00,STD
859,16:25:44.834,0x091,8,01 03 00 00 00 00 02 00,STD
860,16:25:44.865,0x092,8,00 01 01 01 03 02 02 03,STD
861,16:25:44.881,0x032,8,00 00 01 00 00 00 00 01,STD
862,16:25:44.912,0x093,8,01 01 39 0D 00 06 03 01,STD
863,16:25:44.975,0x036,8,00 00 00 00 00 00 00 00,STD
864,16:25:45.053,0x033,8,00 00 64 64 00 00 00 00,STD
865,16:25:45.084,0x027,8,F0 00 00 00 00 00 00 00,STD
866,16:25:45.147,0x02B,8,F1 00 00 00 00 00 00 00,STD
867,16:25:45.225,0x032,8,00 00 01 00 00 00 00 01,STD
868,16:25:45.256,0x034,8,04 00 00 00 00 00 00 00,STD
869,16:25:45.272,0x035,8,01 00 38 00 00 00 1F 00,STD
870,16:25:45.303,0x05A,8,00 00 00 00 00 00 00 00,STD
871,16:25:45.319,0x05B,8,7F 00 00 00 04 00 00 00,STD
872,16:25:45.554,0x083,8,00 00 95 0B 93 0B 38 04,STD
873,16:25:45.585,0x084,8,84 85 01 01 00 05 2B 01,STD
874,16:25:45.601,0x033,8,00 00 64 64 00 00 00 00,STD
875,16:25:45.632,0x085,8,00 00 03 00 00 00 01 00,STD
876,16:25:45.648,0x086,8,02 5C 02 1E 00 01 01 01,STD
877,16:25:45.679,0x087,8,00 04 01 64 01 01 09 03,STD
878,16:25:45.694,0x088,8,05 1E 28 42 58 00 00 00,STD
879,16:25:45.721,0x089,8,05 04 04 04 04 00 00 00,STD
880,16:25:45.753,0x08A,8,05 00 00 00 00 00 00 00,STD
881,16:25:45.768,0x032,8,00 00 01 00 00 00 00 01,STD
882,16:25:45.799,0x08C,8,00 00 00 00 00 00 00 00,STD
883,16:25:45.831,0x08D,8,01 00 02 00 00 00 00 04,STD
884,16:25:45.847,0x08E,8,00 02 00 00 14 14 00 00,STD
885,16:25:45.878,0x08F,8,0D 00 03 01 00 00 00 00,STD
886,16:25:46.097,0x091,8,01 03 00 00 00 00 02 00,STD
887,16:25:46.113,0x092,8,00 01 01 01 03 02 02 03,STD
888,16:25:46.145,0x033,8,00 00 64 64 00 00 00 00,STD
889,16:25:46.176,0x093,8,01 01 39 0D 00 06 03 01,STD
890,16:25:46.238,0x036,8,00 00 00 00 00 00 00 00,STD
891,16:25:46.316,0x032,8,00 00 01 00 00 00 00 01,STD
892,16:25:46.348,0x027,8,F1 00 00 00 00 00 00 00,STD
893,16:25:46.410,0x02B,8,F2 00 00 00 00 00 00 00,STD
894,16:25:46.488,0x033,8,00 00 64 64 00 00 00 00,STD
895,16:25:46.520,0x034,8,04 00 00 00 00 00 00 00,STD
896,16:25:46.535,0x035,8,01 00 38 00 00 00 1F 00,STD
897,16:25:46.567,0x05A,8,00 00 00 00 00 00 00 00,STD
898,16:25:46.582,0x05B,8,7F 00 00 00 04 00 00 00,STD
899,16:25:46.614,0x083,8,00 00 95 0B 93 0B 38 04,STD
900,16:25:46.629,0x084,8,84 85 01 01 00 05 2B 01,STD
901,16:25:46.660,0x032,8,00 00 01 00 00 00 00 01,STD
902,16:25:46.692,0x085,8,00 00 03 00 00 00 01 00,STD
903,16:25:46.707,0x086,8,02 5C 02 1E 00 01 01 01,STD
904,16:25:46.739,0x087,8,00 04 01 64 01 01 09 03,STD
905,16:25:46.755,0x088,8,06 1E 28 42 58 00 00 00,STD
906,16:25:46.989,0x089,8,06 04 04 04 04 00 00 00,STD
907,16:25:47.005,0x08A,8,06 00 00 00 00 00 00 00,STD
908,16:25:47.036,0x033,8,00 00 64 64 00 00 00 00,STD
909,16:25:47.067,0x08C,8,00 00 00 00 00 00 00 00,STD
910,16:25:47.083,0x08D,8,01 00 02 00 00 00 00 04,STD
911,16:25:47.114,0x08E,8,00 02 00 00 14 14 00 00,STD
912,16:25:47.130,0x08F,8,0D 00 03 01 00 00 00 00,STD
913,16:25:47.161,0x091,8,01 03 00 00 00 00 02 00,STD
914,16:25:47.177,0x092,8,00 01 01 01 03 02 02 03,STD
915,16:25:47.209,0x032,8,00 00 01 00 00 00 00 01,STD
916,16:25:47.240,0x093,8,01 01 39 0D 00 06 03 01,STD
917,16:25:47.302,0x036,8,00 00 00 00 00 00 00 00,STD
918,16:25:47.584,0x033,8,00 00 64 64 00 00 00 00,STD
919,16:25:47.600,0x027,8,F0 00 00 00 00 00 00 00,STD
920,16:25:47.678,0x02B,8,F0 00 00 00 00 00 00 00,STD
