CanID,Description,Bit,Variable,Function,Options,History,,,,,,,,,,,,,,,,,,,
8,Direct Commands,0,CAN Item,This is a direct control command to simplify on / off controls compared to ID11 below,"The item to set
2=Battery Select
3=Pump
4=Power
5=Lights
6=Awning
7=MH Tank Fill
8=Entry Light
9=Dimmer 1 on/off
10=Dimmer 2 on/off
11= (not used)
12=CV Tank Fill
50=Dimmer 1 Level (0-100)
51=Dimmer 2 Level (0-100)
108=set heater boost from remote app (original)
109=set heater boost from EC control panel (new)
110=change heater override times
Above 3 items only in PSU V45 and above",,,,,,,,,,,,,,,,,,,,
8,Direct Commands,1,CAN Value,,The value to be set,,,,,,,,,,,,,,,,,,,,
8,Direct Commands,2,CAN Mode,,"Mode 0 = set the value to the value supplied, Mode 1 = toggle the current value",,,,,,,,,,,,,,,,,,,,
8,Direct Commands,3,0,,Not used,,,,,,,,,,,,,,,,,,,,
8,Direct Commands,4,0,,Not used,,,,,,,,,,,,,,,,,,,,
8,Direct Commands,5,Override Heat,,"Used with CAN Items 108, 109 and 110 (V45+)",,,,,,,,,,,,,,,,,,,,
8,Direct Commands,6,Override Water,,"Used with CAN Items 108, 109 and 110 (V45+)",,,,,,,,,,,,,,,,,,,,
8,Direct Commands,7,Override Time,,"Used with CAN Items 108, 109 and 110 (V45+)",,,,,,,,,,,,,,,,,,,,
11,Commands or data to PSU,0,Switch,CP switch presses / commands,"0=Levels, 1=<spare>, 2=Battery Select, 3=Pump, 4=Power, 5=Lights, 6=Awning, 7=Tank Fill/Heaters, 8=Entry Light, Light, 9=Dimmer 1, 10=Dimmer 2, 11=Dimmers 1&2, 12=MH Tank Fill, 13=MH Fresh Dump, 14=MH Waste Dump, 15=Tank heaters 2
16=button pressed on control panel for logging
100 = BT Pairing on/off, 101 = Save settings in E2
102 = Reset Settings, 103 = Calibrate Ammeter
104 = Bluetooth delete, 105 = Alde 3020 set time, 106 = Send heater times, 107 = Send bulk data
108 = Turn heating override1 on / off (original), 
109 = turn heating override2 on/off (new), 
110 = update override temperatures. 
111 = request radio station data. 
112 = Turn levelling on / off at Comms box
113 = Calibrate levelling when 113 received
114 = 
115 = Calibrate CAN Bus Fresh level sensor
116 = Calibrate CAN Bus Waste level sensor",,,,,,,,,,,,,,,,,,,,
11,Commands or data to PSU,1,CPSerial,CP Software Number,i.e 10 (0-99) From CP to PSU,,,,,,,,,,,,,,,,,,,,
11,Commands or data to PSU,2,Dim1,Dimmer channel 1,Set Target % (5 – 100),,,,,,,,,,,,,,,,,,,,
11,Commands or data to PSU,3,Dim2,Dimmer channel 2,Set Target % (5 – 100),,,,,,,,,,,,,,,,,,,,
11,Commands or data to PSU,4,ACLimit,AC current limiter setting,"4=off, 5 – 16A",,,,,,,,,,,,,,,,,,,,
11,Commands or data to PSU,5,OverrideHeat,4-30,"4=off, 5-30 deg C",,,,,,,,,,,,,,,,,,,,
11,Commands or data to PSU,6,OverrideWater,0-3,"0=off, 1=40, 2=60, 3=Boost",,,,,,,,,,,,,,,,,,,,
11,Commands or data to PSU,7,OverrideTime,1-4,1 to 4 hours,,,,,,,,,,,,,,,,,,,,
12,EC630 IMEI number,0,Digit 2-1,IMEI 15-digit number (digit 1 right most),0-9 per nibble,,,,,,,,,,,,,,,,,,,,
12,EC630 IMEI number,1,Digit 4-3,,,,,,,,,,,,,,,,,,,,,,
12,EC630 IMEI number,2,Digit 6-5,,,,,,,,,,,,,,,,,,,,,,
12,EC630 IMEI number,3,Digit 8-7,,,,,,,,,,,,,,,,,,,,,,
12,EC630 IMEI number,4,Digit 10-9,,,,,,,,,,,,,,,,,,,,,,
12,EC630 IMEI number,5,Digit 12-11,,,,,,,,,,,,,,,,,,,,,,
12,EC630 IMEI number,6,Digit 14-13,,,,,,,,,,,,,,,,,,,,,,
12,EC630 IMEI number,7,Digit 16-15,,Digit 16 = 0,,,,,,,,,,,,,,,,,,,,
13,EC630 Status and Info,0,SW Version,Low byte,,,,,,,,,,,,,,,,,,,,,
13,EC630 Status and Info,1,SW Version,High byte,,,,,,,,,,,,,,,,,,,,,
13,EC630 Status and Info,2,Alarm Inputs,First 2 bits used to show input state,"0=no input 
1=Alarm armed input low
2=Alarm trigger input low
3=Both inputs low",,,,,,,,,,,,,,,,,,,,
13,EC630 Status and Info,3,Alarm Voltage,Alarm input voltage,Voltage reading (132 = 13.2V),,,,,,,,,,,,,,,,,,,,
13,EC630 Status and Info,4,Paired Devices,Number of Bluetooth paired devices,0 to 4,,,,,,,,,,,,,,,,,,,,
13,EC630 Status and Info,5,Pairing Active,Is pairing in progress?,"0=no, 1=yes",,,,,,,,,,,,,,,,,,,,
13,EC630 Status and Info,6,CANVoltage,CAN voltage measurement,Voltage reading (132 = 13.2V),,,,,,,,,,,,,,,,,,,,
13,EC630 Status and Info,7,ModelYear,Info from server via EC630,,,,,,,,,,,,,,,,,,,,,
14,Vehicle Levelling data from COMMS box,0,LevellingActive,Is levelling in progress?,"0=no, 1=yes",,,,,,,,,,,,,,,,,,,,
14,Vehicle Levelling data from COMMS box,1,FrontRear,"0 to 255, with 127 as centre (level) reading","0=Front high
 255=Rear high",,,,,,,,,,,,,,,,,,,,
14,Vehicle Levelling data from COMMS box,2,LeftRight,"0 to 255, with 127 as centre (level) reading","0=Left high
 255=Right high",,,,,,,,,,,,,,,,,,,,
14,Vehicle Levelling data from COMMS box,3,CB_BLE,BLE device connected,"0 no, 1 yes",,,,,,,,,,,,,,,,,,,,
14,Vehicle Levelling data from COMMS box,4,SubStatus,Subcription status,"0 – BLE only
1 – BLE+Data 
2 – BLE+Data+Thatcham S7
3 – BLE+Data+Thatcham S5",,,,,,,,,,,,,,,,,,,,
14,Vehicle Levelling data from COMMS box,5,CB_SB0,Coms box status byte 0,See Tracker ID doc,,,,,,,,,,,,,,,,,,,,
14,Vehicle Levelling data from COMMS box,6,CB_SB2,Coms box status byte 1,See Tracker ID doc,,,,,,,,,,,,,,,,,,,,
14,Vehicle Levelling data from COMMS box,7,CB_BatVoltage,Coms box battery voltage,In CentiVolts i.e. 42 is 4.2V,,,,,,,,,,,,,,,,,,,,
16,Diagnostic Data,0,Equipment 0,Dometic Aircon,"TBA not implemented at present, ignore if 99 (see above)",,,,,,,,,,,,,,,,,,,,
16,Diagnostic Data,1,Equipment 1,Sargent,1 to 254,,,,,,,,,,,,,,,,,,,,
16,Diagnostic Data,2,Equipment 2,Alde 3020,1 to 63,,,,,,,,,,,,,,,,,,,,
16,Diagnostic Data,3,Equipment 3,Whale water heater,1 to 15,,,,,,,,,,,,,,,,,,,,
16,Diagnostic Data,4,Equipment 4,Whale air heater,1 to 1,,,,,,,,,,,,,,,,,,,,
16,Diagnostic Data,5,Equipment 5,Truma Combi+,1,,,,,,,,,,,,,,,,,,,,
16,Diagnostic Data,6,Equipment 6,Dometic Fridge,"1 to 13, 50 to 53",,,,,,,,,,,,,,,,,,,,
16,Diagnostic Data,7,Equipment 7,Al-Ko ATC,3,,,,,,,,,,,,,,,,,,,,
17,Diagnostic Ack,0,Equipment 0,Dometic Aircon,TBA not implemented at present,,,,,,,,,,,,,,,,,,,,
17,Diagnostic Ack,1,Equipment 1,Sargent,,,,,,,,,,,,,,,,,,,,,
17,Diagnostic Ack,2,Equipment 2,Alde 3020,,,,,,,,,,,,,,,,,,,,,
17,Diagnostic Ack,3,Equipment 3,Whale water heater,,,,,,,,,,,,,,,,,,,,,
17,Diagnostic Ack,4,Equipment 4,Whale air heater,,,,,,,,,,,,,,,,,,,,,
17,Diagnostic Ack,5,Equipment 5,Truma Combi+,,,,,,,,,,,,,,,,,,,,,
17,Diagnostic Ack,6,Equipment 6,Dometic Fridge,,,,,,,,,,,,,,,,,,,,,
17,Diagnostic Ack,7,Equipment 7,Al-Ko ATC,,,,,,,,,,,,,,,,,,,,,
50,Status 1 from PSU,0,Pump,Pump on (1) / off (0),"1=on, 0=off",,,,,,,,,,,,,,,,,,,,
50,Status 1 from PSU,1,BattSel,Battery selected,"0 leisure, 1 vehicle",,,,,,,,,,,,,,,,,,,,
50,Status 1 from PSU,2,Lights,Lights on (1) / off (0),"1=on, 0=off",,,,,,,,,,,,,,,,,,,,
50,Status 1 from PSU,3,AwnLight,Awning light on (1) / off (0),"1=on, 0=off",,,,,,,,,,,,,,,,,,,,
50,Status 1 from PSU,4,Fill / Heaters,"Filling / Frost heaters (1=on, 0=off)","Tank filling is a caravan only feature, Tank heaters is a motorhome feature",,,,,,,,,,,,,,,,,,,,
50,Status 1 from PSU,5,EngineR,Engine running (1 / 0),"1=yes, 0=no",,,,,,,,,,,,,,,,,,,,
50,Status 1 from PSU,6,Mains,Mains on (1 / 0),"1=yes, 0=no",,,,,,,,,,,,,,,,,,,,
50,Status 1 from PSU,7,Power,Power on (1 / 0),"1=yes, 0=no",,,,,,,,,,,,,,,,,,,,
51,Status 2 from PSU,0,Dim1Status,Dim channel 1 on/off,"On / off status (1=on, 0=off)",,,,,,,,,,,,,,,,,,,,
51,Status 2 from PSU,1,Dim2Status,Dim channel 2 on/off,"On / off status (1=on, 0=off)",,,,,,,,,,,,,,,,,,,,
51,Status 2 from PSU,2,Dim1Level,Dimmer channel 1,Current Level %,,,,,,,,,,,,,,,,,,,,
51,Status 2 from PSU,3,Dim2Level,Dimmer channel 2,Current Level %,,,,,,,,,,,,,,,,,,,,
51,Status 2 from PSU,4,BTPair,Bluetooth pairing active,"1=yes, 0=no, 100=Delete All",,,,,,,,,,,,,,,,,,,,
51,Status 2 from PSU,5,"FillProgress, HeaterOverride","Tank filling is currently operating, Heater override off, 1, 2","Lower nibble (****0000) Filling 1=yes, 0=no
Upper nibble (0000****) Heating Override 0=off, 1=override1 (from 108), 2=override2 (from 109)",,,,,,,,,,,,,,,,,,,,
51,Status 2 from PSU,6,SolState,"Solar charge, which source is PSU solar charging","0 leisure, 1 vehicle",,,,,,,,,,,,,,,,,,,,
51,Status 2 from PSU,7,SolOn,Is solar charging (A>100mA),"1=yes, 0=no",,,,,,,,,,,,,,,,,,,,
52,Status 3 & Warnings from PSU,0,HeatingNow,Current heating state,"4 to 30, 4=OFF, then 5 - 30 deg C",,,,,,,,,,,,,,,,,,,,
52,Status 3 & Warnings from PSU,1,HotWaterNow,Current hot water state,"Alde 0=OFF, 1=Norml, 2=Boost, (Truma 0=OFF, 1=Eco, 2=Hot), (Whale 0=OFF, 1=ON)",,,,,,,,,,,,,,,,,,,,
52,Status 3 & Warnings from PSU,2,Fill for MH,"Motorhome Filling (1=on, 0=off)",Tank filling for a motorhome only,,,,,,,,,,,,,,,,,,,,
52,Status 3 & Warnings from PSU,3,HeatingStatus,Current heating state (as per ID 91),"4 to 30, 4=OFF, then 5 - 30 deg C",,,,,,,,,,,,,,,,,,,,
52,Status 3 & Warnings from PSU,4,HotWaterstatus,Current hot water state (as per ID 91),"Alde 0=OFF, 1=Normal, 2=Boost, (Truma 0=OFF, 1=Eco, 2=Hot), (Whale 0=OFF, 1=ON)",,,,,,,,,,,,,,,,,,,,
52,Status 3 & Warnings from PSU,5,FridgeError,Fridge warnings and errors,"0=OK, others TBA",,,,,,,,,,,,,,,,,,,,
52,Status 3 & Warnings from PSU,6,HeatingError,"0=OK, 1 to 15 (see error list)",Whale system only,,,,,,,,,,,,,,,,,,,,
52,Status 3 & Warnings from PSU,7,HotWaterError,"0=OK, 1 to 15 (see error list)",Whale system only,,,,,,,,,,,,,,,,,,,,
53,Status 4 & Warnings from PSU,0,,"0 = CV Swift
1 = MH Swift
2 = MH Auto-Trail
3 = CV Lunar
4 = MH Lunar
5 = MH Auto-Sleepers
6 = MH Van converters
7 = AB Racers
8 = CV Swift EC400+
9 = MH Swift EC400+
12=LEVC",Copy of CAN ID 134 Byte 7 VehicleType,,,,,,,,,,,,,,,,,,,,
53,Status 4 & Warnings from PSU,1,ModelYear,Infor from server via EC630,Copy of CAN ID 13 Byte 7 Model Year,,,,,,,,,,,,,,,,,,,,
53,Status 4 & Warnings from PSU,2,PSUVersion,PSU version number (i.e. 18),Copy of CAN ID 131 Byte 6 PSU S/W Version,,,,,,,,,,,,,,,,,,,,
53,Status 4 & Warnings from PSU,3,FreshDump,Fresh tank dump valve state,"0=closed, 1=open",,,,,,,,,,,,,,,,,,,,
53,Status 4 & Warnings from PSU,4,WasteDump,Waste tank dump valve state,"0=closed, 1=open",,,,,,,,,,,,,,,,,,,,
53,Status 4 & Warnings from PSU,5,Frost2,Tank heater 2 state,"0=off, 1=on",,,,,,,,,,,,,,,,,,,,
53,Status 4 & Warnings from PSU,6,LINStatus,LIN BUS status (for initial system check screen),"Bit0 = Heating state: 0=fault, 1=ok
Bit1 = Aircon state: 0=fault, 1=ok
Bit2 = Fridge state: 0=fault, 1=ok
Bit3 = ATC state: 0=fault, 1=ok
Bit4 = Whale water heater state: 0=fault, 1=ok",,,,,,,,,,,,,,,,,,,,
53,Status 4 & Warnings from PSU,7,ActiveTimer,Heating Timer that is currently active,"0 = No timer active, 1 to 4 = Timers 1 to 4",,,,,,,,,,,,,,,,,,,,
54,PSU type from PSU to CP (currently modular PSU only),0,PSU Type,"Fixed setting, not changeable","0=EC600, 1=EC400+, 2=MC100",,,,,,,,,,,,,,,,,,,,
54,PSU type from PSU to CP (currently modular PSU only),1,Spare,,(currently modular PSU only),,,,,,,,,,,,,,,,,,,,
54,PSU type from PSU to CP (currently modular PSU only),2,Spare,,(currently modular PSU only),,,,,,,,,,,,,,,,,,,,
54,PSU type from PSU to CP (currently modular PSU only),3,Spare,,(currently modular PSU only),,,,,,,,,,,,,,,,,,,,
54,PSU type from PSU to CP (currently modular PSU only),4,Spare,,(currently modular PSU only),,,,,,,,,,,,,,,,,,,,
54,PSU type from PSU to CP (currently modular PSU only),5,Spare,,(currently modular PSU only),,,,,,,,,,,,,,,,,,,,
54,PSU type from PSU to CP (currently modular PSU only),6,Spare,,(currently modular PSU only),,,,,,,,,,,,,,,,,,,,
54,PSU type from PSU to CP (currently modular PSU only),7,Spare,,(currently modular PSU only),,,,,,,,,,,,,,,,,,,,
55,Internal Temperature & Humidity from CP to PSU,0,IntTH,High byte,Internal Temperature (change values to use Truma Kelvin method),,,,,,,,,,,,,,,,,,,,
55,Internal Temperature & Humidity from CP to PSU,1,IntLH,Low byte,Internal Temperature (change values to use Truma Kelvin method),,,,,,,,,,,,,,,,,,,,
55,Internal Temperature & Humidity from CP to PSU,2,Humidity,Humidity level,0 to 100%,,,,,,,,,,,,,,,,,,,,
55,Internal Temperature & Humidity from CP to PSU,3,Spare,,,,,,,,,,,,,,,,,,,,,,
55,Internal Temperature & Humidity from CP to PSU,4,Spare,,,,,,,,,,,,,,,,,,,,,,
55,Internal Temperature & Humidity from CP to PSU,5,Spare,,,,,,,,,,,,,,,,,,,,,,
55,Internal Temperature & Humidity from CP to PSU,6,Spare,,,,,,,,,,,,,,,,,,,,,,
55,Internal Temperature & Humidity from CP to PSU,7,Spare,,,,,,,,,,,,,,,,,,,,,,
90,Warnings 1 From PSU,0,WFrost,Frost warning active,"0=OK, 1=less <0C with water in tanks",,,,,,,,,,,,,,,,,,,,
90,Warnings 1 From PSU,1,WVBatt,Vehicle voltage warning,"0=OK, 1=(<11.3), 2=(< 10.9), 3=(>15.4)",,,,,,,,,,,,,,,,,,,,
90,Warnings 1 From PSU,2,WLBatt,Leisure voltage warning,"0=OK, 1=(<10), 2=(< 9), 3=(>15.4)",,,,,,,,,,,,,,,,,,,,
90,Warnings 1 From PSU,3,WFWL,Fresh level warning,"0=OK, 1= <25%",,,,,,,,,,,,,,,,,,,,
90,Warnings 1 From PSU,4,WWWL,Waste level warning,"0=OK, 1= 100%",,,,,,,,,,,,,,,,,,,,
90,Warnings 1 From PSU,5,WS1,Step Warning Buzzer,"0=OK, 1=step not in, engine running",,,,,,,,,,,,,,,,,,,,
90,Warnings 1 From PSU,6,WS2,Mains Warning Buzzer,"0=OK, 1=mains on, engine running",,,,,,,,,,,,,,,,,,,,
90,Warnings 1 From PSU,7,WACAmps,AC over current warning,"0=OK, 1=over set limit",,,,,,,,,,,,,,,,,,,,
91,Warnings 2 & Extra Data From PSU,0,CPSerial,CP Software version number,From PSU to EC630 i.e 10 (0-99),,,,,,,,,,,,,,,,,,,,
91,Warnings 2 & Extra Data From PSU,1,EC630SW,EC630 software version + 30,So v24 = 54 (this is to ensure no confusion with earlier data on this byte which could have been 0 to 30),,,,,,,,,,,,,,,,,,,,
91,Warnings 2 & Extra Data From PSU,2, Lin56[7],WATER Whale heater status flags,"Bit0=Mains present
Bit1=Flame present
Bits 2 to 5 RFU
Bit6=Manual panel in use
Bit7=Ci-Bus response error",,,,,,,,,,,,,,,,,,,,
91,Warnings 2 & Extra Data From PSU,3, Lin58[7],AIR Whale heater status flags,"Bit0=Mains present
Bit1=Flame present
Bits 2 to 5 RFU
Bit6=Manual panel in use
Bit7=Ci-Bus response error",,,,,,,,,,,,,,,,,,,,
91,Warnings 2 & Extra Data From PSU,4,HeatingNow,Current heating state,"4 to 30, 4=OFF, then 5 - 30 deg C",,,,,,,,,,,,,,,,,,,,
91,Warnings 2 & Extra Data From PSU,5,HotWaterNow,Current hot water state,"Alde 0=OFF, 1=Norml, 2=Boost, (Truma 0=OFF, 1=Eco, 2=Hot), (Whale 0=OFF, 1=ON)",,,,,,,,,,,,,,,,,,,,
91,Warnings 2 & Extra Data From PSU,6,HeatingError,"0=OK, 1 to 15 (see error list)",Whale system only,,,,,,,,,,,,,,,,,,,,
91,Warnings 2 & Extra Data From PSU,7,HotWaterError,"0=OK, 1 to 15 (see error list)",Whale system only,,,,,,,,,,,,,,,,,,,,
131,Levels 2 from PSU,0,FWaterL,Fresh water level (0-100),0-100%,,,,,,,,,,,,,,,,,,,,
131,Levels 2 from PSU,1,WWaterL,Waste water level (0-100),0-100%,,,,,,,,,,,,,,,,,,,,
131,Levels 2 from PSU,2,ExtTL,Low byte,External Temperature (change values to use Truma Kelvin method),,,,,,,,,,,,,,,,,,,,
131,Levels 2 from PSU,3,ExtTH,High byte,External Temperature (change values to use Truma Kelvin method),,,,,,,,,,,,,,,,,,,,
131,Levels 2 from PSU,4,IntTL,Low byte,Internal Temperature (change values to use Truma Kelvin method),,,,,,,,,,,,,,,,,,,,
131,Levels 2 from PSU,5,IntTH,High byte,Internal Temperature (change values to use Truma Kelvin method),,,,,,,,,,,,,,,,,,,,
131,Levels 2 from PSU,6,PSUSerial,PSU Software Number,"Sent to CP, i.e. 10 (0-99)",,,,,,,,,,,,,,,,,,,,
131,Levels 2 from PSU,7,ACLimit,AC limit setting returned from PSU,,,,,,,,,,,,,,,,,,,,,
132,Levels 3 from PSU,0,VBattV,Vehicle V,Voltage reading (132 = 13.2V),,,,,,,,,,,,,,,,,,,,
132,Levels 3 from PSU,1,LBattV,Leisure V,Voltage reading (132 = 13.2V),,,,,,,,,,,,,,,,,,,,
132,Levels 3 from PSU,2,BattAmp,Battery A,Current reading (21 = 2.1A),,,,,,,,,,,,,,,,,,,,
132,Levels 3 from PSU,3,BattAState,Battery current direction,0=discharge (-) 1=Charge (+),,,,,,,,,,,,,,,,,,,,
132,Levels 3 from PSU,4,SolAmp,Solar A,Current reading (21 = 2.1A),,,,,,,,,,,,,,,,,,,,
132,Levels 3 from PSU,5,ACAmps,AC Current,Current reading (21 = 2.1A),,,,,,,,,,,,,,,,,,,,
132,Levels 3 from PSU,6,Humidity,Humidity level,0 to 100%,,,,,,,,,,,,,,,,,,,,
132,Levels 3 from PSU,7,Entry,Entry light status,"1=on, 0=off",,,,,,,,,,,,,,,,,,,,
133,Current Options / Settings bank 3 from PSU,0,Electric,Heater electric setting or Whale Water heater setting,"Alde 0=Off, 1=1KW, 2=2KW, 3=3KW
Truma 0=GAS, 1=MIX1, 2=MIX2, 3=EL1, 4=EL2
Whale 0=OFF, 1=GAS, 2=EL1, 3=EL2, 4=MIX1, 5=MIX2
Webasto Mode 0=OFF, 1=Park Heating, 2=[not used], 3=Ventilation, 4=Heating Boost, 5=Heating Eco
",,,,,,,,,,,,,,,,,,,,
133,Current Options / Settings bank 3 from PSU,1,Gas,Heater gas setting or  Whale Air heater setting,"Alde 0=off, 1=on (use gas)
Truma <this setting is skipped>
Whale 0=OFF, 1=FAN, 2=GAS, 3=EL1, 4=EL2, 5=EL3, 6=Night, 7=Frost (6&7 new for 2026)
Webasto Power 0 to 100 (0% to 100%)",,,,,,,,,,,,,,,,,,,,
133,Current Options / Settings bank 3 from PSU,2,Heat,Ci-Bus Heating appliance selection,"0=None, 1=Alde, 2= Truma CP+, 3=Whale, 4=Eberspacher, 5 = Whale Ci-Bus",,,,,,,,,,,,,,,,,,,,
133,Current Options / Settings bank 3 from PSU,3,Cool,Ci-Bus Aircon appliance selection,"0=None, 
1=Truma Aventa C, 
2=Dometic FreshJet 2200, 
3=Truma Aventa E
4=Truma Saphir CRC
5=Truma Saphir C",,,,,,,,,,,,,,,,,,,,
133,Current Options / Settings bank 3 from PSU,4,Fridge,Ci-Bus Fridge appliance selection,"0=None, 1=Dometic1, 2=Dometic2, 3=Thetford",,,,,,,,,,,,,,,,,,,,
133,Current Options / Settings bank 3 from PSU,5,ATC,Ci-Bus ATC appliance selection,"0=None, 1=Al-Ko1, 2=Al-Ko2",,,,,,,,,,,,,,,,,,,,
133,Current Options / Settings bank 3 from PSU,6,Enroute,Enroute enable,"0=None, 1=Active",,,,,,,,,,,,,,,,,,,,
133,Current Options / Settings bank 3 from PSU,7,Mod1,Caravan Radio Module,"0=None
1=DAB / FM 2 speaker
2=DAB / FM 4 speaker
3=FM 2 speaker
4=FM 4 speaker",,,,,,,,,,,,,,,,,,,,
134,Current Options / Settings bank 1 from PSU,0,StepAuto,Step automation setting,"0=none, 1=lock, 2=unlock, 3=both",,,,,,,,,,,,,,,,,,,,
174,Change Options / Settings bank 1,0,StepAuto,Step automation setting,"0=none,1=lock,2=unlock,3=both",,,,,,,,,,,,,,,,,,,,
134,Current Options / Settings bank 1 from PSU,1,StepTime,Step run time (aprox 20th secs),"20 Min, 200 Max",20-120 (Default 60),,,,,,,,,,,,,,,,,,,
174,Change Options / Settings bank 1,1,StepTime,Step run time (approx. 20th secs),"20 Min, 200 Max",0-200 (Default 60),,,,,,,,,,,,,,,,,,,
134,Current Options / Settings bank 1 from PSU,2,AwnLight,Select awning light automation,"0=none,1=lock,2=unlock,3=both",,,,,,,,,,,,,,,,,,,,
174,Change Options / Settings bank 1,2,AwnLight,Select awning light automation,"0=none,1=lock,2=unlock,3=both",,,,,,,,,,,,,,,,,,,,
134,Current Options / Settings bank 1 from PSU,3,AwnTime,Awning light time 0 to 60 secs,"30 Min, 240 Max",0-150s,,,,,,,,,,,,,,,,,,,
174,Change Options / Settings bank 1,3,Awn Time,Awning light time 0 to 60 secs,"30 Min, 240 Max",30-240,,,,,,,,,,,,,,,,,,,
135,Current Options / Settings bank 2 from PSU,0,KeyBeep,Key beep on / off,"0=off, 1=on",,,,,,,,,,,,,,,,,,,,
135,Current Options / Settings bank 2 from PSU,1,BacklightTime,Backlight on time,"0=permanent, 1=30 seconds, 2=1 minute, 3=5 minutes, 4=15 minutes, 5= 30 minutes, 6= 60 minutes, (0-200 sec for older systems) ",,,,,,,,,,,,,,,,,,,,
135,Current Options / Settings bank 2 from PSU,2,WAlarm,Water level alarms on / off,"0=off, 1=on",,,,,,,,,,,,,,,,,,,,
135,Current Options / Settings bank 2 from PSU,3,LEDDim,CP LED dim out time,"0=permanent, 0-200 sec",,,,,,,,,,,,,,,,,,,,
135,Current Options / Settings bank 2 from PSU,4,THeaters,Are Tank Heaters fitted,"0=None, 1=Fitted",,,,,,,,,,,,,,,,,,,,
135,Current Options / Settings bank 2 from PSU,5,TrigMode,Tracker trigger mode,"0=alarm, 1=engine",,,,,,,,,,,,,,,,,,,,
135,Current Options / Settings bank 2 from PSU,6,HeatingMode,Heating control mode,"0=Manual, 1=Timer, 2=Remote, 9=OFF",,,,,,,,,,,,,,,,,,,,
135,Current Options / Settings bank 2 from PSU,7,Tanks,Water Tanks fitted,"0=none, 1=fresh, 2=waste, 3=both",,,,,,,,,,,,,,,,,,,,
136,Current Heating system on times from PSU,0,Day,Day setting,"0=all week, 1= Monday",,,,,,,,,,,,,,,,,,,,
136,Current Heating system on times from PSU,1,Time1,0-95,"(15 min steps, 95 = 11:45)",,,,,,,,,,,,,,,,,,,,
136,Current Heating system on times from PSU,2,Time2,0-95,"(15 min steps, 95 = 11:45)",,,,,,,,,,,,,,,,,,,,
136,Current Heating system on times from PSU,3,Time3,0-95,"(15 min steps, 95 = 11:45)",,,,,,,,,,,,,,,,,,,,
136,Current Heating system on times from PSU,4,Time4,0-95,"(15 min steps, 95 = 11:45)",,,,,,,,,,,,,,,,,,,,
136,Current Heating system on times from PSU,5,Time5,0-95 (only 1-4 used now),"(15 min steps, 95 = 11:45)",,,,,,,,,,,,,,,,,,,,
136,Current Heating system on times from PSU,6,Time6,0-95,"(15 min steps, 95 = 11:45)",,,,,,,,,,,,,,,,,,,,
136,Current Heating system on times from PSU,7,Time7,0-95,"(15 min steps, 95 = 11:45)",,,,,,,,,,,,,,,,,,,,
137,Current Heating system target room temperature from PSU,0,Day,Day setting,"0=all week, 1=Monday",,,,,,,,,,,,,,,,,,,,
137,Current Heating system target room temperature from PSU,1,Heat1,4-30,"4=off, 5-30 deg C",,,,,,,,,,,,,,,,,,,,
137,Current Heating system target room temperature from PSU,2,Heat2,4-30,"4=off, 5-30 deg C",,,,,,,,,,,,,,,,,,,,
137,Current Heating system target room temperature from PSU,3,Heat3,4-30,"4=off, 5-30 deg C",,,,,,,,,,,,,,,,,,,,
137,Current Heating system target room temperature from PSU,4,Heat4,4-30,"4=off, 5-30 deg C",,,,,,,,,,,,,,,,,,,,
137,Current Heating system target room temperature from PSU,5,Heat5,4-30,"4=off, 5-30 deg C",,,,,,,,,,,,,,,,,,,,
137,Current Heating system target room temperature from PSU,6,Heat6,4-30,"4=off, 5-30 deg C",,,,,,,,,,,,,,,,,,,,
137,Current Heating system target room temperature from PSU,7,Heat7,4-30,"4=off, 5-30 deg C",,,,,,,,,,,,,,,,,,,,
138,Current Heating system target water temperature from PSU,0,Day,Day setting,"0=all week, 1=Monday",,,,,,,,,,,,,,,,,,,,
138,Current Heating system target water temperature from PSU,1,Water1,0-2,"(Alde: 0 = off, 1=Normal, 2=Boost) (Truma: 0 off, 1=Eco, 2=Hot), (Whale 0 off, 1=On)",,,,,,,,,,,,,,,,,,,,
138,Current Heating system target water temperature from PSU,2,Water2,0-2,"Alde 0 off, 1=Normal, 2=Boost (Truma 0 off, 1=Eco, 2=Hot), (Whale 0 off, 1=On)",,,,,,,,,,,,,,,,,,,,
138,Current Heating system target water temperature from PSU,3,Water3,0-2,"Alde 0 off, 1=Normal, 2=Boost (Truma 0 off, 1=Eco, 2=Hot), (Whale 0 off, 1=On)",,,,,,,,,,,,,,,,,,,,
138,Current Heating system target water temperature from PSU,4,Water4,0-2,"Alde 0 off, 1=Normal, 2=Boost (Truma 0 off, 1=Eco, 2=Hot), (Whale 0 off, 1=On)",,,,,,,,,,,,,,,,,,,,
138,Current Heating system target water temperature from PSU,5,Water5,0-3,"0=off, 1=40, 2=60, 3=Boost",,,,,,,,,,,,,,,,,,,,
138,Current Heating system target water temperature from PSU,6,Water6,0-3,"0=off, 1=40, 2=60, 3=Boost",,,,,,,,,,,,,,,,,,,,
138,Current Heating system target water temperature from PSU,7,Water7,0-3,"0=off, 1=40, 2=60, 3=Boost",,,,,,,,,,,,,,,,,,,,
140,Current Options / Settings bank 4 from PSU,0,FridgeMode,Fridge power mode inc on / off,"0=off, 1=Auto, 2=Gas, 3=12V, 4=230V",,,,,,,,,,,,,,,,,,,,
140,Current Options / Settings bank 4 from PSU,1,FridgeSetting,Fridge cooling setting (1 to 5),"1=Min, 2, 3=Mid, 4, 5=Max (0 to 4 on CAN Data)",,,,,,,,,,,,,,,,,,,,
140,Current Options / Settings bank 4 from PSU,2,FridgeFHeater,Fridge frame heater on / off,"0=off, 1=on",,,,,,,,,,,,,,,,,,,,
140,Current Options / Settings bank 4 from PSU,3,FridgeTemp,Fridge actual temperature,"0=too cold, 1 cold(--), 2 cold(-), 3=optimal, 4 warm(+), 5 warm(++), 6=too hot",,,,,,,,,,,,,,,,,,,,
140,Current Options / Settings bank 4 from PSU,4,FridgeManual,Fridge in Manual mode?,"0=no, 1=Manual Mode",,,,,,,,,,,,,,,,,,,,
140,Current Options / Settings bank 4 from PSU,5,FridgeDoorLB,,"16 bit number, 0 - 65535",,,,,,,,,,,,,,,,,,,,
140,Current Options / Settings bank 4 from PSU,6,FridgeDoorHB,,"16 bit number, 0 - 65535",,,,,,,,,,,,,,,,,,,,
140,Current Options / Settings bank 4 from PSU,7,FridgeError,Fridge error codes,"0=OK, 1 to 53 = errors",,,,,,,,,,,,,,,,,,,,
141,Current Options / Settings bank 5 from PSU,0,LightingMode,Lighting mode Normal / Last,"(Normal=0, Last=1)",,,,,,,,,,,,,,,,,,,,
141,Current Options / Settings bank 5 from PSU,1,EngineDetect,Method used to detect engine run,"0=Normal D+, 1=Delayed D+, 2=Delayed IGN, 3=Voltage Detect IGN, 4=Ci-Bus for LEVC only",,,,,,,,,,,,,,,,,,,,
141,Current Options / Settings bank 5 from PSU,2,LeisureBatteryType,"Battery type, used to adjust low warning level","0=Lead Acid, 1=Lead AGM, 2=Lithium , 3=Lithium+ (CAN), 4= Lithium+ (CAN) x2",,,,,,,,,,,,,,,,,,,,
141,Current Options / Settings bank 5 from PSU,3,SplitCharge,Enable split charge relay,"0=normal / use relay, 1=off / disable relay",,,,,,,,,,,,,,,,,,,,
141,Current Options / Settings bank 5 from PSU,4,Truma230VStatus,Truma 230V flag,Bit1=230V present,,,,,,,,,,,,,,,,,,,,
141,Current Options / Settings bank 5 from PSU,5,HeaterBusy,Alde and Truma heater busy flag,"0=Normal, 1=Busy",,,,,,,,,,,,,,,,,,,,
141,Current Options / Settings bank 5 from PSU,6,OverrideWater,Override water status,"Alde 0 off, 1=Normal, 2=Boost (Truma 0 off, 1=Eco, 2=Hot) (Whale 0 off, 1=On)",,,,,,,,,,,,,,,,,,,,
141,Current Options / Settings bank 5 from PSU,7,OverrideHeat,Override temperature status,"4=off, 5-30 deg C",,,,,,,,,,,,,,,,,,,,
142,Truma Aircon from PSU Setting bank 6,0,Mode,"Off, Fan, Cool, Heat, Auto","(0=off, 1=Fan, 2=Cool, 3=Heat, 4=Auto)",,,,,,,,,,,,,,,,,,,,
142,Truma Aircon from PSU Setting bank 7,1,Lighting,"Off, On, Dimmer sync","(0=off, 1=on, 2=dimmer)",,,,,,,,,,,,,,,,,,,,
142,Truma Aircon from PSU Setting bank 8,2,,,,,,,,,,,,,,,,,,,,,,,
142,Truma Aircon from PSU Setting bank 9,3,FanSpeed,"Low, Med, High, Night","0=Low, 1=Medium , 2=High , 3= Night",,,,,,,,,,,,,,,,,,,,
142,Truma Aircon from PSU Setting bank 10,4,TargetTemp,Required temperature,actual 16-31,,,,,,,,,,,,,,,,,,,,
142,Truma Aircon from PSU Setting bank 11,5,,,,,,,,,,,,,,,,,,,,,,,
142,Truma Aircon from PSU Setting bank 12,6,IxPowerOn,"Inverter power on / off state, feedback to the control panel","0=off, 1=on",added 18/6/26,,,,,,,,,,,,,,,,,,,
142,Truma Aircon from PSU Setting bank 13,7,HeaterOverride,HeaterOverride,"Heating Override 0=off, 1=override1 (from 108), 2=override2 (from 109)","Updated to reflect earlier changes. 0=off, 1=on from App, 2=ON (Dave 17-6-25)",,,,,,,,,,,,,,,,,,,
143,Usage data from PSU,0,PowerHours,Low byte,"Total hours with CP power on, max 7.6 years using 2 bytes. Save in E2 every hour.",,,,,,,,,,,,,,,,,,,,
143,Usage data from PSU,1,PowerHours,High byte,,,,,,,,,,,,,,,,,,,,,
143,Usage data from PSU,2,ActiveHours,Low byte,"Total hour with CP power on, max 7.6 years using 2 bytes. Save in E2 every hour.",,,,,,,,,,,,,,,,,,,,
143,Usage data from PSU,3,ActiveHours,High byte,,,,,,,,,,,,,,,,,,,,,
143,Usage data from PSU,4,EngineHours,Low byte,"Total hour with CP power on, max 7.6 years using 2 bytes Recorded and saved to E2 after every engine run stop.",,,,,,,,,,,,,,,,,,,,
143,Usage data from PSU,5,EngineHours,High byte,,,,,,,,,,,,,,,,,,,,,
143,Usage data from PSU,6,,,,,,,,,,,,,,,,,,,,,,,
143,Usage data from PSU,7,,,,,,,,,,,,,,,,,,,,,,,
145,Settings Bank 7 from PSU,0,BaseVehicle,Set base vehicle type for voltage cut-off,"0 – none,
 1 – Fiat,
 2 – Peugeot,
 3 – Ford,
 4 – Mercedes,
 5 – IVECO",,,,,,,,,,,,,,,,,,,,
145,Settings Bank 7 from PSU,1,LCDLogo,Control Panel Logo Selection,"0 = Sargent,
1 = AutoTrail,
2 = Auto-Sleepers,
3 = Swift,
4 = Camper King,
5 = Wellhouse,
6 = Bilbos,
7 = All Seasons,
8 = Spartan,
9 = Coachman,
10 = CUSTOM,",9/5/25 Logo list updated,,,,,,,,,,,,,,,,,,,
145,Settings Bank 7 from PSU,2,CompFridgeProtect,Compressor fridge battery protection routine,"0=Off,
 1=On",,,,,,,,,,,,,,,,,,,,
145,Settings Bank 7 from PSU,3,FreshTankDepth,Measured by the CAN water level sensor,In CM,,,,,,,,,,,,,,,,,,,,
145,Settings Bank 7 from PSU,4,SpecialAccessories,Used to cover special cases for odd / ad hoc devices,"0=none,
 1=12V Immersion Heater",,,,,,,,,,,,,,,,,,,,
145,Settings Bank 7 from PSU,5,WasteTankDepth,Measured by the CAN water level sensor,In CM,,,,,,,,,,,,,,,,,,,,
145,Settings Bank 7 from PSU,6,DimmingChannelsFitted,Which dimmer channels have been designed in,"0=None, 1=1, 2=2",,,,,,,,,,,,,,,,,,,,
145,Settings Bank 7 from PSU,7,GasControl,Used to enable / disable Gas solenoid control feature,"0=no gas control (default),
 1=Gas control fitted",,,,,,,,,,,,,,,,,,,,
146,Current Options / Settings bank 8 from PSU,0,Temp Sensor Location,Internal Temperature Sensor Location,"0 = PSU, 1 = Control Panel",,,,,,,,,,,,,,,,,,,,
146,Current Options / Settings bank 8 from PSU,1,StepFitted,Is Step Fitted,"0 = Not Fitted, 1 = Fitted",,,,,,,,,,,,,,,,,,,,
146,Current Options / Settings bank 8 from PSU,2,TankFiller,Is Tank Filler Fitted,"0 = Not Fitted, 1 = Fitted",,,,,,,,,,,,,,,,,,,,
146,Current Options / Settings bank 8 from PSU,3,DrainValves,Are Drain Valves Fitted,"0 = None, 1 = Fresh, 2 = Waste, 3 = Both",,,,,,,,,,,,,,,,,,,,
146,Current Options / Settings bank 8 from PSU,4,SolarCAN,Is CANBUS Solar Regulator Fitted,"0 = Not Fitted, 1 = Fitted, 2=No Solar Feature",,,,,,,,,,,,,,,,,,,,
146,Current Options / Settings bank 8 from PSU,5,ACDCCAN,Is CANBUS AC/DC Charger Fitted,"0 = Not Fitted, 1 = Fitted",,,,,,,,,,,,,,,,,,,,
146,Current Options / Settings bank 8 from PSU,6,DCDCCAN,Is CANBUS DC/DC Charger Fitted,"0 = Not Fitted, 1 = Fitted",,,,,,,,,,,,,,,,,,,,
146,Current Options / Settings bank 8 from PSU,7,WaterCAN,Is CANBUS Water Level Sensor Fitted,"0 = None, 1 = Fresh, 2 = Waste, 3 = Both",,,,,,,,,,,,,,,,,,,,
148,Webasto PWM Heater Controls (From PSU),0,webastoFitted,Which Webasto Heating Version is Fitted,"0 = Not Fitted,
 1 = Thermo Top MC100
 2 = Thermo Top EM10
 3 = Air Top EM10",,,,,,,,,,,,,,,,,,,,
148,Webasto PWM Heater Controls (From PSU),1,wpHeatMode,Heating on / off,"0 = Off
 1 = On",,,,,,,,,,,,,,,,,,,,
148,Webasto PWM Heater Controls (From PSU),2,"wpFanMode
 (Thermo Top only)",Set Fan Mode,"0 = Off
 1 = Manual
 2 = Auto",,,,,,,,,,,,,,,,,,,,
148,Webasto PWM Heater Controls (From PSU),3,wpTarget,Heating Target Temperature,5 – 30,,,,,,,,,,,,,,,,,,,,
148,Webasto PWM Heater Controls (From PSU),4,"wpSetSpeed
 (Thermo Top only)",Set Fan Speed,1 – 5,,,,,,,,,,,,,,,,,,,,
148,Webasto PWM Heater Controls (From PSU),5,"wpFanSpeed
 (Thermo Top only)",Actual fan speed,1 – 5,,,,,,,,,,,,,,,,,,,,
148,Webasto PWM Heater Controls (From PSU),6,"wpFault
 (Air Top only)",Fault code Air Top to CP,LED flash count (TBC),,,,,,,,,,,,,,,,,,,,
148,Webasto PWM Heater Controls (From PSU),7,wpWaterTemp,Water Temperature Status,"Thermo Top
 0 - Off
 1 – In progress
 2 – Up to working temp (50c)
 3 - Optimum showering temp
 Air Top
 0 - Off
 1 - Heating in progress",,,,,,,,,,,,,,,,,,,,
173,Change Options / Settings bank 3,0,Electric*,"Alde heater electric setting, Truma heater energy setting, Whale Water heater setting","Alde 0=Off, 1=1KW, 2=2KW, 3=3KW, 
Truma 0=GAS, 1=MIX1, 2=MIX2, 3=EL1, 4=EL2
Whale 0=OFF, 1=GAS, 2=EL1, 3=EL2, 4=MIX1, 5=MIX2
Webasto Mode 0=OFF, 1=Park Heating, 2=[not used], 3=Ventilation, 4=Heating Boost, 5=Heating Eco",,,,,,,,,,,,,,,,,,,,
173,Change Options / Settings bank 3,1,Gas*,"Alde heater gas setting, Truma <not used>, Whale Air heater setting","Alde 0=off, 1=on (use gas)
Truma <not used>
Whale 0=OFF, 1=FAN, 2=GAS, 3=EL1, 4=EL2, 5=EL3, 6=Night, 7=Frost (6&7 new for 2026)
Webasto Power 0 to 100 (0% to 100%)",,,,,,,,,,,,,,,,,,,,
173,Change Options / Settings bank 3,2,Heat,Ci-Bus Heating appliance selection,"0=None, 1=Alde, 2= Truma CP+, 3=Whale, 4=Eberspacher, 5 = Whale Ci-Bus",,,,,,,,,,,,,,,,,,,,
173,Change Options / Settings bank 3,3,Cool,Ci-Bus Aircon appliance selection,"0=None, 
1=Truma Aventa C, 
2=Dometic FreshJet 2200, 
3=Truma Aventa E
4=Truma Saphir CRC
5=Truma Saphir C",,,,,,,,,,,,,,,,,,,,
173,Change Options / Settings bank 3,4,Fridge,Ci-Bus Fridge appliance selection,"0=None, 1=Dometic1, 2=Dometic2, 3=Thetford",,,,,,,,,,,,,,,,,,,,
173,Change Options / Settings bank 3,5,ATC,Ci-Bus ATC appliance selection,"0=None, 1=Al-Ko1, 2=Al-Ko2",,,,,,,,,,,,,,,,,,,,
173,Change Options / Settings bank 3,6,Enroute,Enroute enable,"0=None, 1=Active",,,,,,,,,,,,,,,,,,,,
173,Change Options / Settings bank 3,7,Mod1,Radio module for 2019 caravans,"0=None
1=DAB & FM / 2 Speakers
2=DAB & FM / 4 Speakers
3=FM / 2 Speakers
4=FM / 4 Speakers",,,,,,,,,,,,,,,,,,,,
176,Heating system on times to PSU (Timer[0]),0,Day,Day setting,"0=all week, 1= Monday",,,,,,,,,,,,,,,,,,,,
176,Heating system on times to PSU (Timer[0]),1,Time1,0-95,"(15 min steps, 95 = 11:45pm)",,,,,,,,,,,,,,,,,,,,
176,Heating system on times to PSU (Timer[0]),2,Time2,0-95,"(15 min steps, 95 = 11:45)",,,,,,,,,,,,,,,,,,,,
176,Heating system on times to PSU (Timer[0]),3,Time3,0-95,"(15 min steps, 95 = 11:45)",,,,,,,,,,,,,,,,,,,,
176,Heating system on times to PSU (Timer[0]),4,Time4,0-95,"(15 min steps, 95 = 11:45)",,,,,,,,,,,,,,,,,,,,
176,Heating system on times to PSU (Timer[0]),5,Time5,0-95 (only 1-4 used now),"(15 min steps, 95 = 11:45)",,,,,,,,,,,,,,,,,,,,
176,Heating system on times to PSU (Timer[0]),6,Time6,0-95,"(15 min steps, 95 = 11:45)",,,,,,,,,,,,,,,,,,,,
176,Heating system on times to PSU (Timer[0]),7,Time7,0-95,"(15 min steps, 95 = 11:45)",,,,,,,,,,,,,,,,,,,,
177,Heating system target room temperature to PSU (Heating[0]),0,Day,Day setting,"0=all week, 1=Monday",,,,,,,,,,,,,,,,,,,,
177,Heating system target room temperature to PSU (Heating[0]),1,Heat1,4-30,"4=off, 5-30 deg C",,,,,,,,,,,,,,,,,,,,
177,Heating system target room temperature to PSU (Heating[0]),2,Heat2,4-30,"4=off, 5-30 deg C",,,,,,,,,,,,,,,,,,,,
177,Heating system target room temperature to PSU (Heating[0]),3,Heat3,4-30,"4=off, 5-30 deg C",,,,,,,,,,,,,,,,,,,,
177,Heating system target room temperature to PSU (Heating[0]),4,Heat4,4-30,"4=off, 5-30 deg C",,,,,,,,,,,,,,,,,,,,
177,Heating system target room temperature to PSU (Heating[0]),5,Heat5,4-30,"4=off, 5-30 deg C",,,,,,,,,,,,,,,,,,,,
177,Heating system target room temperature to PSU (Heating[0]),6,Heat6,4-30,"4=off, 5-30 deg C",,,,,,,,,,,,,,,,,,,,
177,Heating system target room temperature to PSU (Heating[0]),7,Heat7,4-30,"4=off, 5-30 deg C",,,,,,,,,,,,,,,,,,,,
178,Heating system target water temperature to PSU (HotWater[0]),0,Day,Day setting,"0=all week, 1=Monday",,,,,,,,,,,,,,,,,,,,
178,Heating system target water temperature to PSU (HotWater[0]),1,Water1,0-2,"Alde 0 off, 1=Normal, 2=Boost (Truma 0 off, 1=Eco, 2=Hot), (Whale 0 off, 1=On)",,,,,,,,,,,,,,,,,,,,
178,Heating system target water temperature to PSU (HotWater[0]),2,Water2,0-2,,,,,,,,,,,,,,,,,,,,,
178,Heating system target water temperature to PSU (HotWater[0]),3,Water3,0-2,,,,,,,,,,,,,,,,,,,,,
178,Heating system target water temperature to PSU (HotWater[0]),4,Water4,0-2,,,,,,,,,,,,,,,,,,,,,
178,Heating system target water temperature to PSU (HotWater[0]),5,Water5,0-3,"0=off, 1=40, 2=60, 3=Boost",,,,,,,,,,,,,,,,,,,,
178,Heating system target water temperature to PSU (HotWater[0]),6,Water6,0-3,"0=off, 1=40, 2=60, 3=Boost",,,,,,,,,,,,,,,,,,,,
178,Heating system target water temperature to PSU (HotWater[0]),7,Water7,0-3,"0=off, 1=40, 2=60, 3=Boost",,,,,,,,,,,,,,,,,,,,
179,Time & Date to PSU,0,Hour,,,,,,,,,,,,,,,,,,,,,,
179,Time & Date to PSU,1,Minute,,,,,,,,,,,,,,,,,,,,,,
179,Time & Date to PSU,2,Day,"Day 1=Monday, Day 7=Sunday",,,,,,,,,,,,,,,,,,,,,
179,Time & Date to PSU,3,Date,,,,,,,,,,,,,,,,,,,,,,
179,Time & Date to PSU,4,Month,,,,,,,,,,,,,,,,,,,,,,
179,Time & Date to PSU,5,Year,,,,,,,,,,,,,,,,,,,,,,
179,Time & Date to PSU,6,,,,,,,,,,,,,,,,,,,,,,,
179,Time & Date to PSU,7,,,,,,,,,,,,,,,,,,,,,,,
180,Settings bank 4,0,FridgeMode,Fridge power mode inc on / off,"0=off, 1=Auto, 2=Gas, 3=12V, 4=230V",,,,,,,,,,,,,,,,,,,,
180,Settings bank 4,1,FridgeSetting,Fridge cooling setting (1 to 5),"1=Min, 2, 3=Mid, 4, 5=Max",,,,,,,,,,,,,,,,,,,,
180,Settings bank 4,2,FridgeFHeater,Fridge frame heater on / off,"0=off, 1=on",,,,,,,,,,,,,,,,,,,,
180,Settings bank 4,3,,,,,,,,,,,,,,,,,,,,,,,
180,Settings bank 4,4,,,,,,,,,,,,,,,,,,,,,,,
180,Settings bank 4,5,,,,,,,,,,,,,,,,,,,,,,,
180,Settings bank 4,6,,,,,,,,,,,,,,,,,,,,,,,
180,Settings bank 4,7,,,,,,,,,,,,,,,,,,,,,,,
181,Change Options / Settings bank 5,0,LightingMode,Lighting mode Normal / Last,"(Normal=0, Last=1)",,,,,,,,,,,,,,,,,,,,
181,Change Options / Settings bank 5,1,EngineDetect,Method used to detect engine run,"0=Normal D+
 1=Delayed D+
 2=Delayed IGN
 3=Voltage Detect IGN",,,,,,,,,,,,,,,,,,,,
181,Change Options / Settings bank 5,2,LeisureBatteryType,"Battery type, used to adjust low warning level","0=Lead Acid
 1=AGM
 2=Lithium 
 3=Lithium+ (CAN)
 4=Lithium+ (CAN) x2",,,,,,,,,,,,,,,,,,,,
181,Change Options / Settings bank 5,3,SplitCharge,Enable split charge relay,"0=normal / use relay
 1=off / disable relay",,,,,,,,,,,,,,,,,,,,
181,Change Options / Settings bank 5,4,Not used,,,,,,,,,,,,,,,,,,,,,,
181,Change Options / Settings bank 5,5,Not used,,,,,,,,,,,,,,,,,,,,,,
181,Change Options / Settings bank 5,6,Not used,,,,,,,,,,,,,,,,,,,,,,
181,Change Options / Settings bank 5,7,Not used,,,,,,,,,,,,,,,,,,,,,,
182,Change Dometic Aircon Settings bank 6,0,Mode,"Off, Auto, Dry, Cool, Fan, iFeel, Heat","(0=off, 1=Auto, 2=Dry, 3=Cool, 4=Fan, 5=iFeel, 6=Heat)",,,,,,,,,,,,,,,,,,,,
182,Change Dometic Aircon Settings bank 7,1,Lighting,"Off, On, Dimmer sync","(0=off, 1=on, 2=dimmer)",,,,,,,,,,,,,,,,,,,,
182,Change Dometic Aircon Settings bank 8,2,,,,,,,,,,,,,,,,,,,,,,,
182,Change Dometic Aircon Settings bank 9,3,FanSpeed,"0,1,2,3 or 4","0=slow…. 3=fastest, 4=Auto",,,,,,,,,,,,,,,,,,,,
134,Current Options / Settings bank 1 from PSU,4,SolarTo,Solar charge to,"0=smart, 1=leisure, 2=vehicle",,,,,,,,,,,,,,,,,,,,
182,Change Dometic Aircon Settings bank 10,4,TargetTemp,Required temperature,actual 16-31,,,,,,,,,,,,,,,,,,,,
174,Change Options / Settings bank 1,4,Solar To,Solar charge to,"1=leisure, 2=vehicle, 0=smart",,,,,,,,,,,,,,,,,,,,
134,Current Options / Settings bank 1 from PSU,5,Charging,Charging mode,"0=smart, 1=normal, 2=smart 2, 3=smart 3",,,,,,,,,,,,,,,,,,,,
185,Change Options / Settings Bank 7,0,BaseVehicle,Used to adjust,"0 – none
 1 – Fiat 
 2 – Peugeot 
 3 – Ford 
 4 – Mercedes
 5 – IVECO",,,,,,,,,,,,,,,,,,,,
185,Change Options / Settings Bank 7,1,LCDLogo,Modular CP Logo Selection,"0 = Sargent
1 = AutoTrail
2 = Auto-Sleepers
3 = Swift
4 = Camper King
5 = Wellhouse
6 = Bilbos
7 = All Seasons
8 = Spartan (spare)
9 = Coachman
10 = CUSTOM",9/5/25 Logo list updated,,,,,,,,,,,,,,,,,,,
185,Change Options / Settings Bank 7,2,CompFridgeProtect,Compressor fridge battery protection routine,"0=Off 
 1=On",,,,,,,,,,,,,,,,,,,,
185,Change Options / Settings Bank 7,3,FreshTankDepth,Measured by the CAN water level sensor,In CM,,,,,,,,,,,,,,,,,,,,
185,Change Options / Settings Bank 7,4,SpecialAccessories,Used to cover special cases for odd / ad hoc devices,"0=none
 1=12V Immersion Heater",,,,,,,,,,,,,,,,,,,,
185,Change Options / Settings Bank 7,5,WasteTankDepth,Measured by the CAN water level sensor,In CM,,,,,,,,,,,,,,,,,,,,
185,Change Options / Settings Bank 7,6,DimmingChannelsFitted,Which dimmer channels have been designed in,"0 = None, 1 = 1, 2 = 2",,,,,,,,,,,,,,,,,,,,
185,Change Options / Settings Bank 7,7,GasControl,Used to enable / disable Gas solenoid control feature,"0=no gas control (default)
 1=Gas control fitted",,,,,,,,,,,,,,,,,,,,
186,Change Options / Settings bank 8,0,Temp Sensor Location,Internal Temperature Sensor Location,"0 = PSU, 1 = Control Panel",,,,,,,,,,,,,,,,,,,,
186,Change Options / Settings bank 8,1,StepFitted,Is Step Fitted,"0 = Not Fitted, 1 = Fitted",,,,,,,,,,,,,,,,,,,,
186,Change Options / Settings bank 8,2,TankFiller,Is Tank Filler Fitted,"0 = Not Fitted, 1 = Fitted",,,,,,,,,,,,,,,,,,,,
186,Change Options / Settings bank 8,3,DrainValves,Are Drain Valves Fitted,"0 = None, 1 = Fresh, 2 = Waste, 3 = Both",,,,,,,,,,,,,,,,,,,,
186,Change Options / Settings bank 8,4,SolarCAN,Is CANBUS Solar Regulator Fitted,"0 = Not Fitted, 1 = Fitted, 2=No Solar Feature",,,,,,,,,,,,,,,,,,,,
186,Change Options / Settings bank 8,5,ACDCCAN,Is CANBUS AC/DC Charger Fitted,"0 = Not Fitted, 1 = Fitted",,,,,,,,,,,,,,,,,,,,
186,Change Options / Settings bank 8,6,DCDCCAN,Is CANBUS DC/DC Charger Fitted,"0 = Not Fitted, 1 = Fitted",,,,,,,,,,,,,,,,,,,,
186,Change Options / Settings bank 8,7,WaterCAN,Is CANBUS Water Level Sensor Fitted,"0 = None, 1 = Fresh, 2 = Waste, 3 = Both",,,,,,,,,,,,,,,,,,,,
188,Webasto PWM Heater Controls (Change from CP),0,webastoFitted,Which Webasto Heating Version is Fitted,"0 = Not Fitted,
 1 = Thermo Top MC100/EC700
 2 = Thermo Top EM10
 3 = Air Top EM10",,,,,,,,,,,,,,,,,,,,
188,Webasto PWM Heater Controls (Change from CP),1,wpHeatMode,Heating on / off,"0 = Off
 1 = On",,,,,,,,,,,,,,,,,,,,
188,Webasto PWM Heater Controls (Change from CP),2,"wpFanMode
 (Thermo Top only)",Set Fan Mode,"0 = Off
 1 = Manual
 2 = Auto",,,,,,,,,,,,,,,,,,,,
188,Webasto PWM Heater Controls (Change from CP),3,wpTarget,Heating Target Temperature,5 – 30,,,,,,,,,,,,,,,,,,,,
188,Webasto PWM Heater Controls (Change from CP),4,"wpSetSpeed
 (Thermo Top only)",Set Fan Speed,1 – 5,,,,,,,,,,,,,,,,,,,,
188,Webasto PWM Heater Controls (Change from CP),5,Not used,,,,,,,,,,,,,,,,,,,,,,
188,Webasto PWM Heater Controls (Change from CP),6,InternalTemp,Internal temperature x2 from control panel,10 to 60 (= 5 to 30 deg C),,,,,,,,,,,,,,,,,,,,
188,Webasto PWM Heater Controls (Change from CP),7,Not used,,,,,,,,,,,,,,,,,,,,,,
216,LIN mirror of ID 36 Al-Ko ATC,0,ATCStatus,"Bits 0 to 2, ATC Status LED, Bits 3 & 4, Histogram, Bits 5 to 7, Actuator Status",,,,,,,,,,,,,,,,,,,,,
216,LIN mirror of ID 36 Al-Ko ATC,1,ATCVoltage,"VDC x 10,128=12.8V",,,,,,,,,,,,,,,,,,,,,
216,LIN mirror of ID 36 Al-Ko ATC,2,Not in use,,,,,,,,,,,,,,,,,,,,,,
216,LIN mirror of ID 36 Al-Ko ATC,3,Not in use,,,,,,,,,,,,,,,,,,,,,,
216,LIN mirror of ID 36 Al-Ko ATC,4,Not in use,,,,,,,,,,,,,,,,,,,,,,
216,LIN mirror of ID 36 Al-Ko ATC,5,Not in use,,,,,,,,,,,,,,,,,,,,,,
216,LIN mirror of ID 36 Al-Ko ATC,6,Not in use,,,,,,,,,,,,,,,,,,,,,,
216,LIN mirror of ID 36 Al-Ko ATC,7,Not in use,,,,,,,,,,,,,,,,,,,,,,
182,Change Dometic Aircon Settings bank 11,5,iFeelTemp,Actual temperature,actual 16-31,,,,,,,,,,,,,,,,,,,,
174,Change Options / Settings bank 1,5,Charging,Charging mode,"0=smart, 1=normal, 2=smart 2, 3=smart 3",,,,,,,,,,,,,,,,,,,,
134,Current Options / Settings bank 1 from PSU,6,LedPwm,"LED PWM (low, normal, high)","0=low, 1=normal, 2=high",,,,,,,,,,,,,,,,,,,,
182,Change Dometic Aircon Settings bank 12,6,,,,,,,,,,,,,,,,,,,,,,,
174,Change Options / Settings bank 1,6,LedPwm,"LED PWM (low, normal, high)","0=low, 1=normal, 2=high",,,,,,,,,,,,,,,,,,,,
134,Current Options / Settings bank 1 from PSU,7,VehicleType,Vehicle type setting,"0=Swift Caravan,
1=Swift Motorhome,
2=Auto-Trail EC970 Motorhome,
3=Bilbo Campers,
4=Auto-Trail EC940 Motorhome,
5=Auto-Sleepers Motorhome,
6=Camper King Motorhome,
7=Campervans,
8=Swift Caravan EC400+,
9=Swift Motorhome EC400+,
12=Hillside/All Seasons,
14=Coachman Motorhome,
20=Caravan EC900,
21= Motothome EC900,",9/5/25 Van list updated,,,,,,,,,,,,,,,,,,,
182,Change Dometic Aircon Settings bank 13,7,,,,,,,,,,,,,,,,,,,,,,,
174,Change Options / Settings bank 1,7,VehicleType,Vehicle type setting,"0=Swift Caravan,
1=Swift Motorhome,
2=Auto-Trail EC970 Motorhome,
3=Bilbo Campers,
4=Auto-Trail EC940 Motorhome,
5=Auto-Sleepers Motorhome,
6=Camper King Motorhome,
7=Campervans,
8=Swift Caravan EC400+,
9=Swift Motorhome EC400+,
12=Hillside/All Seasons,
14=Coachman Motorhome,
20=Caravan EC900,
21= Motothome EC900,",9/5/25 Van list updated,,,,,,,,,,,,,,,,,,,
175,Change Options / Settings bank 2,0,KeyBeep,Key beep on / off,"0=off, 1=on",,,,,,,,,,,,,,,,,,,,
175,Change Options / Settings bank 2,1,BacklightTime,Backlight on time,"0=permanent, 0-200 sec",,,,,,,,,,,,,,,,,,,,
175,Change Options / Settings bank 2,2,WAlarm,Water level alarms on / off,"0=off, 1=on",,,,,,,,,,,,,,,,,,,,
175,Change Options / Settings bank 2,3,Set,CP LED dim out time,"0=permanent, 0-200 sec",,,,,,,,,,,,,,,,,,,,
175,Change Options / Settings bank 2,4,THeaters,Are Tank Heaters fitted,"0=None, 1=Fitted",,,,,,,,,,,,,,,,,,,,
175,Change Options / Settings bank 2,5,TrigMode,Tracker trigger mode,"0=alarm, 1=engine",,,,,,,,,,,,,,,,,,,,
175,Change Options / Settings bank 2,6,HeatingMode,Heating control mode,"0=Manual, 1=Timer, 2=Remote, 9=OFF",,,,,,,,,,,,,,,,,,,,
175,Change Options / Settings bank 2,7,Tanks,Tanks enabled,"0=none, 1=fresh, 2=waste, 3=both",,,,,,,,,,,,,,,,,,,,
36,PSU to AC-DC Charger Request,0,Command,Command sent to Device (byte0),"00=Not Used,
01=Not Used,
02=BATTOUT_V,
03=BATTOUT_I,
04=Not Used,
05=POWER,
06=BULK_I,
07=BOOST_V,
08=FLOAT_V,
09=TAPER_I,
0A=BULK_TIMEOUT,
0B=BOOST_TIMEOUT,
0C=BATT_PROFILE,
0D=ERROR_STATUS,
0E=CHARGE_STATUS,
0F=FAN_MODE,
F0=GROUP1 (BATTOUT_V, BATTOUT_I, CHARGE_STATUS, ERROR_STATUS, POWER),
FF=ERROR",,,,,,,,,,,,,,,,,,,,
36,PSU to AC-DC Charger Request,1,Data1,Data sent to Device (byte1),,,,,,,,,,,,,,,,,,,,,
36,PSU to AC-DC Charger Request,2,Data2,Data sent to Device (byte2),,,,,,,,,,,,,,,,,,,,,
36,PSU to AC-DC Charger Request,3,Data3,Data sent to Device (byte3),,,,,,,,,,,,,,,,,,,,,
36,PSU to AC-DC Charger Request,4,Data4,Data sent to Device (byte4),,,,,,,,,,,,,,,,,,,,,
36,PSU to AC-DC Charger Request,5,Data5,Data sent to Device (byte5),,,,,,,,,,,,,,,,,,,,,
36,PSU to AC-DC Charger Request,6,Data6,Data sent to Device (byte6),,,,,,,,,,,,,,,,,,,,,
36,PSU to AC-DC Charger Request,7,Data7,Data sent to Device (byte7),,,,,,,,,,,,,,,,,,,,,
76,AC-DC Charger to PSU Reply,0,Command,Command sent to PSU (byte0),"00=Not Used,
01=Not Used,
02=BATTOUT_V,
03=BATTOUT_I,
04=Not Used,
05=POWER,
06=BULK_I,
07=BOOST_V,
08=FLOAT_V,
09=TAPER_I,
0A=BULK_TIMEOUT,
0B=BOOST_TIMEOUT,
0C=BATT_PROFILE,
0D=ERROR_STATUS,
0E=CHARGE_STATUS,
0F=FAN_MODE,
F0=GROUP1 (BATTOUT_V, BATTOUT_I, CHARGE_STATUS, ERROR_STATUS, POWER),
FF=ERROR",,,,,,,,,,,,,,,,,,,,
76,AC-DC Charger to PSU Reply,1,Data1,Data sent to PSU (byte1),,,,,,,,,,,,,,,,,,,,,
76,AC-DC Charger to PSU Reply,2,Data2,Data sent to PSU (byte2),,,,,,,,,,,,,,,,,,,,,
76,AC-DC Charger to PSU Reply,3,Data3,Data sent to PSU (byte3),,,,,,,,,,,,,,,,,,,,,
76,AC-DC Charger to PSU Reply,4,Data4,Data sent to PSU (byte4),,,,,,,,,,,,,,,,,,,,,
76,AC-DC Charger to PSU Reply,5,Data5,Data sent to PSU (byte5),,,,,,,,,,,,,,,,,,,,,
76,AC-DC Charger to PSU Reply,6,Data6,Data sent to PSU (byte6),,,,,,,,,,,,,,,,,,,,,
76,AC-DC Charger to PSU Reply,7,Data7,Data sent to PSU (byte7),,,,,,,,,,,,,,,,,,,,,
37,PSU to DC-DC Charger Request,0,Command,Command sent to Device (byte0),"00=BATTIN_V,
01=BATTIN_I,
02=BATTOUT_V,
03=BATTOUT_I,
04=EXT_TEMP,
05=POWER,
06=BULK_I,
07=BOOST_V,
08=FLOAT_V,
09=TAPER_I,
0A=BULK_TIMEOUT,
0B=BOOST_TIMEOUT,
0C=BATT_PROFILE,
0D=ERROR_STATUS,
0E=CHARGE_STATUS,
F0=GROUP1 (BATTOUT_V, BATTOUT_I, CHARGE_STATUS, ERROR_STATUS, POWER),
F1=GROUP2 (BATTIN_V, BATTIN_I, EXT_TEMP)",,,,,,,,,,,,,,,,,,,,
37,PSU to DC-DC Charger Request,1,Data1,Data sent to Device (byte1),,,,,,,,,,,,,,,,,,,,,
37,PSU to DC-DC Charger Request,2,Data2,Data sent to Device (byte2),,,,,,,,,,,,,,,,,,,,,
37,PSU to DC-DC Charger Request,3,Data3,Data sent to Device (byte3),,,,,,,,,,,,,,,,,,,,,
37,PSU to DC-DC Charger Request,4,Data4,Data sent to Device (byte4),,,,,,,,,,,,,,,,,,,,,
37,PSU to DC-DC Charger Request,5,Data5,Data sent to Device (byte5),,,,,,,,,,,,,,,,,,,,,
37,PSU to DC-DC Charger Request,6,Data6,Data sent to Device (byte6),,,,,,,,,,,,,,,,,,,,,
37,PSU to DC-DC Charger Request,7,Data7,Data sent to Device (byte7),,,,,,,,,,,,,,,,,,,,,
76,AC-DC Charger to PSU Reply,0,Command,Command sent to PSU (byte0),"00=BATTIN_V,
01=BATTIN_I,
02=BATTOUT_V,
03=BATTOUT_I,
04=EXT_TEMP,
05=POWER,
06=BULK_I,
07=BOOST_V,
08=FLOAT_V,
09=TAPER_I,
0A=BULK_TIMEOUT,
0B=BOOST_TIMEOUT,
0C=BATT_PROFILE,
0D=ERROR_STATUS,
0E=CHARGE_STATUS,
F0=GROUP1 (BATTOUT_V, BATTOUT_I, CHARGE_STATUS, ERROR_STATUS, POWER),
F1=GROUP2 (BATTIN_V, BATTIN_I, EXT_TEMP)",,,,,,,,,,,,,,,,,,,,
76,AC-DC Charger to PSU Reply,1,Data1,Data sent to PSU (byte1),,,,,,,,,,,,,,,,,,,,,
76,AC-DC Charger to PSU Reply,2,Data2,Data sent to PSU (byte2),,,,,,,,,,,,,,,,,,,,,
76,AC-DC Charger to PSU Reply,3,Data3,Data sent to PSU (byte3),,,,,,,,,,,,,,,,,,,,,
76,AC-DC Charger to PSU Reply,4,Data4,Data sent to PSU (byte4),,,,,,,,,,,,,,,,,,,,,
76,AC-DC Charger to PSU Reply,5,Data5,Data sent to PSU (byte5),,,,,,,,,,,,,,,,,,,,,
76,AC-DC Charger to PSU Reply,6,Data6,Data sent to PSU (byte6),,,,,,,,,,,,,,,,,,,,,
76,AC-DC Charger to PSU Reply,7,Data7,Data sent to PSU (byte7),,,,,,,,,,,,,,,,,,,,,
38,PSU to Solar Regulator Request,0,Command,Command sent to Device (byte0),"00=SOLARIN_V,
01=SOLARIN_I,
02=BATTOUT_V,
03=BATTOUT_I,
04=EXT_TEMP,
05=POWER,
06=BULK_I,
07=BOOST_V,
08=FLOAT_V,
09=TAPER_I,
0A=BULK_TIMEOUT,
0B=BOOST_TIMEOUT,
0C=BATT_PROFILE,
0D=ERROR_STATUS,
0E=CHARGE_STATUS,
F0=GROUP1 (BATTOUT_V, BATTOUT_I, CHARGE_STATUS, ERROR_STATUS, POWER),
F1=GROUP2 (SOLARIN_V, SOLARIN_I, EXT_TEMP)",,,,,,,,,,,,,,,,,,,,
38,PSU to Solar Regulator Request,1,Data1,Data sent to Device (byte1),,,,,,,,,,,,,,,,,,,,,
38,PSU to Solar Regulator Request,2,Data2,Data sent to Device (byte2),,,,,,,,,,,,,,,,,,,,,
38,PSU to Solar Regulator Request,3,Data3,Data sent to Device (byte3),,,,,,,,,,,,,,,,,,,,,
38,PSU to Solar Regulator Request,4,Data4,Data sent to Device (byte4),,,,,,,,,,,,,,,,,,,,,
38,PSU to Solar Regulator Request,5,Data5,Data sent to Device (byte5),,,,,,,,,,,,,,,,,,,,,
38,PSU to Solar Regulator Request,6,Data6,Data sent to Device (byte6),,,,,,,,,,,,,,,,,,,,,
38,PSU to Solar Regulator Request,7,Data7,Data sent to Device (byte7),,,,,,,,,,,,,,,,,,,,,
77,Solar Regulator to PSU Reply,0,Command,Command sent to PSU (byte0),"00=SOLARIN_V,
01=SOLARIN_I,
02=BATTOUT_V,
03=BATTOUT_I,
04=EXT_TEMP,
05=POWER,
06=BULK_I,
07=BOOST_V,
08=FLOAT_V,
09=TAPER_I,
0A=BULK_TIMEOUT,
0B=BOOST_TIMEOUT,
0C=BATT_PROFILE,
0D=ERROR_STATUS,
0E=CHARGE_STATUS,
F0=GROUP1 (BATTOUT_V, BATTOUT_I, CHARGE_STATUS, ERROR_STATUS, POWER),
F1=GROUP2 (SOLARIN_V, SOLARIN_I, EXT_TEMP)",,,,,,,,,,,,,,,,,,,,
77,Solar Regulator to PSU Reply,1,Data1,Data sent to PSU (byte1),,,,,,,,,,,,,,,,,,,,,
77,Solar Regulator to PSU Reply,2,Data2,Data sent to PSU (byte2),,,,,,,,,,,,,,,,,,,,,
77,Solar Regulator to PSU Reply,3,Data3,Data sent to PSU (byte3),,,,,,,,,,,,,,,,,,,,,
77,Solar Regulator to PSU Reply,4,Data4,Data sent to PSU (byte4),,,,,,,,,,,,,,,,,,,,,
77,Solar Regulator to PSU Reply,5,Data5,Data sent to PSU (byte5),,,,,,,,,,,,,,,,,,,,,
77,Solar Regulator to PSU Reply,6,Data6,Data sent to PSU (byte6),,,,,,,,,,,,,,,,,,,,,
77,Solar Regulator to PSU Reply,7,Data7,Data sent to PSU (byte7),,,,,,,,,,,,,,,,,,,,,
39,PSU to Inverter Request,0,Command,Command sent to Device (byte0),"00=VOLTAGE_DC,
01=VOLTAGE_AC,
02=POWER_AC,
03=ERROR,
04=STATUS,
05=VERSION,
06=POWER_SAVING,
07=ALARM_BUZZER,
08=LVP_MODE,
09=TRANSFER_MODE,
0A=FREQUENCY,
0B=AC_SET,
0C=ON_OFF,
F0=GROUP1 (VOLTAGE_DC, VOLTAGE_AC, POWER_AC, WORKING_STATUS),
F1=GROUP2 (ERROR, STATUS, POWER_SAVING, TRANSFER_MODE, FREQUENCY, AC_SET, ON_OFF)",,,,,,,,,,,,,,,,,,,,
39,PSU to Inverter Request,1,Data1,Data sent to Device (byte1),,,,,,,,,,,,,,,,,,,,,
39,PSU to Inverter Request,2,Data2,Data sent to Device (byte2),,,,,,,,,,,,,,,,,,,,,
39,PSU to Inverter Request,3,Data3,Data sent to Device (byte3),,,,,,,,,,,,,,,,,,,,,
39,PSU to Inverter Request,4,Data4,Data sent to Device (byte4),,,,,,,,,,,,,,,,,,,,,
39,PSU to Inverter Request,5,Data5,Data sent to Device (byte5),,,,,,,,,,,,,,,,,,,,,
39,PSU to Inverter Request,6,Data6,Data sent to Device (byte6),,,,,,,,,,,,,,,,,,,,,
39,PSU to Inverter Request,7,Data7,Data sent to Device (byte7),,,,,,,,,,,,,,,,,,,,,
78,Inverter to PSU Reply,0,Command,Command sent to PSU (byte0),"00=VOLTAGE_DC,
01=VOLTAGE_AC,
02=POWER_AC,
03=ERROR,
04=STATUS,
05=VERSION,
06=POWER_SAVING,
07=ALARM_BUZZER,
08=LVP_MODE,
09=TRANSFER_MODE,
0A=FREQUENCY,
0B=AC_SET,
0C=ON_OFF,
F0=GROUP1 (VOLTAGE_DC, VOLTAGE_AC, POWER_AC, WORKING_STATUS),
F1=GROUP2 (ERROR, STATUS, POWER_SAVING, TRANSFER_MODE, FREQUENCY, AC_SET, ON_OFF)",,,,,,,,,,,,,,,,,,,,
78,Inverter to PSU Reply,1,Data1,Data sent to PSU (byte1),,,,,,,,,,,,,,,,,,,,,
78,Inverter to PSU Reply,2,Data2,Data sent to PSU (byte2),,,,,,,,,,,,,,,,,,,,,
78,Inverter to PSU Reply,3,Data3,Data sent to PSU (byte3),,,,,,,,,,,,,,,,,,,,,
78,Inverter to PSU Reply,4,Data4,Data sent to PSU (byte4),,,,,,,,,,,,,,,,,,,,,
78,Inverter to PSU Reply,5,Data5,Data sent to PSU (byte5),,,,,,,,,,,,,,,,,,,,,
78,Inverter to PSU Reply,6,Data6,Data sent to PSU (byte6),,,,,,,,,,,,,,,,,,,,,
78,Inverter to PSU Reply,7,Data7,Data sent to PSU (byte7),,,,,,,,,,,,,,,,,,,,,
40,PSU to Lithium Battery Request,0,Command,Command sent to Device (byte0),"00=VOLTAGE,
01=CURRENT,
02=CHARGE%,
03=HEALTH%,
04=CAPACITY_AH,
05=FULL_CAPACITY_AH,
06=CYCLES,
07=CELL1_VOLTAGE,
08=CELL2_VOLTAGE,
09=CELL3_VOLTAGE,
0A=CELL4_VOLTAGE,
0B=TEMPERATURE,
0C=FAULT_STATUS,
0D=TIME_TO_EMPTY,
0E=TIME_TO_FULL,
0F=SET_ADDRESS,
F0=GROUP1 (VOLTAGE, CURRENT, CHARGE%),
F1=GROUP2 (HEALTH%, CAPACITY_AH, FULL_CAPACITY_AH)
F2=GROUP3 (CYCLES, TEMPERATURE, FAULT_STATUS)
F3=GROUP4 (TIME_TO_EMPTY, TIME_TO_FULL, SOFTWARE_VER, HARDWARE_VER)",,,,,,,,,,,,,,,,,,,,
40,PSU to Lithium Battery Request,1,Data1,Data sent to Device (byte1),,,,,,,,,,,,,,,,,,,,,
40,PSU to Lithium Battery Request,2,Data2,Data sent to Device (byte2),,,,,,,,,,,,,,,,,,,,,
40,PSU to Lithium Battery Request,3,Data3,Data sent to Device (byte3),,,,,,,,,,,,,,,,,,,,,
40,PSU to Lithium Battery Request,4,Data4,Data sent to Device (byte4),,,,,,,,,,,,,,,,,,,,,
40,PSU to Lithium Battery Request,5,Data5,Data sent to Device (byte5),,,,,,,,,,,,,,,,,,,,,
40,PSU to Lithium Battery Request,6,Data6,Data sent to Device (byte6),,,,,,,,,,,,,,,,,,,,,
40,PSU to Lithium Battery Request,7,Data7,Data sent to Device (byte7),,,,,,,,,,,,,,,,,,,,,
79,Lithium Battery to PSU Reply,0,Command,Command sent to PSU (byte0),"00=VOLTAGE,
01=CURRENT,
02=CHARGE%,
03=HEALTH%,
04=CAPACITY_AH,
05=FULL_CAPACITY_AH,
06=CYCLES,
07=CELL1_VOLTAGE,
08=CELL2_VOLTAGE,
09=CELL3_VOLTAGE,
0A=CELL4_VOLTAGE,
0B=TEMPERATURE,
0C=FAULT_STATUS,
0D=TIME_TO_EMPTY,
0E=TIME_TO_FULL,
0F=SET_ADDRESS,
F0=GROUP1 (VOLTAGE, CURRENT, CHARGE%),
F1=GROUP2 (HEALTH%, CAPACITY_AH, FULL_CAPACITY_AH)
F2=GROUP3 (CYCLES, TEMPERATURE, FAULT_STATUS)
F3=GROUP4 (TIME_TO_EMPTY, TIME_TO_FULL, SOFTWARE_VER, HARDWARE_VER)",,,,,,,,,,,,,,,,,,,,
79,Lithium Battery to PSU Reply,1,Data1,Data sent to PSU (byte1),,,,,,,,,,,,,,,,,,,,,
79,Lithium Battery to PSU Reply,2,Data2,Data sent to PSU (byte2),,,,,,,,,,,,,,,,,,,,,
79,Lithium Battery to PSU Reply,3,Data3,Data sent to PSU (byte3),,,,,,,,,,,,,,,,,,,,,
79,Lithium Battery to PSU Reply,4,Data4,Data sent to PSU (byte4),,,,,,,,,,,,,,,,,,,,,
79,Lithium Battery to PSU Reply,5,Data5,Data sent to PSU (byte5),,,,,,,,,,,,,,,,,,,,,
79,Lithium Battery to PSU Reply,6,Data6,Data sent to PSU (byte6),,,,,,,,,,,,,,,,,,,,,
79,Lithium Battery to PSU Reply,7,Data7,Data sent to PSU (byte7),,,,,,,,,,,,,,,,,,,,,
41,PSU to Ultrasonic Water Sensor Request,0,Command,Command sent to Device (byte0),"00=LEVEL_DATA,
01=TEMPERATURE_DATA,
02=SETUP,
03=SOFT_RESET,
B1=HARD_RESET,
E1=SET_SENSOR_TYPE,
E3=SET_SENSOR_GAIN,",,,,,,,,,,,,,,,,,,,,
41,PSU to Ultrasonic Water Sensor Request,1,Data1,Data sent to Device (byte1),,,,,,,,,,,,,,,,,,,,,
41,PSU to Ultrasonic Water Sensor Request,2,Data2,Data sent to Device (byte2),,,,,,,,,,,,,,,,,,,,,
41,PSU to Ultrasonic Water Sensor Request,3,Data3,Data sent to Device (byte3),,,,,,,,,,,,,,,,,,,,,
41,PSU to Ultrasonic Water Sensor Request,4,Data4,Data sent to Device (byte4),,,,,,,,,,,,,,,,,,,,,
41,PSU to Ultrasonic Water Sensor Request,5,Data5,Data sent to Device (byte5),,,,,,,,,,,,,,,,,,,,,
41,PSU to Ultrasonic Water Sensor Request,6,Data6,Data sent to Device (byte6),,,,,,,,,,,,,,,,,,,,,
41,PSU to Ultrasonic Water Sensor Request,7,Data7,Data sent to Device (byte7),,,,,,,,,,,,,,,,,,,,,
80,Ultrasonic Water Sensor to PSU Reply,0,Command,Command sent to PSU (byte0),"00=LEVEL_DATA,
01=TEMPERATURE_DATA,
02=SETUP,
03=SOFT_RESET,
B1=HARD_RESET,
E1=SET_SENSOR_TYPE,
E3=SET_SENSOR_GAIN,",,,,,,,,,,,,,,,,,,,,
80,Ultrasonic Water Sensor to PSU Reply,1,Data1,Data sent to PSU (byte1),,,,,,,,,,,,,,,,,,,,,
80,Ultrasonic Water Sensor to PSU Reply,2,Data2,Data sent to PSU (byte2),,,,,,,,,,,,,,,,,,,,,
80,Ultrasonic Water Sensor to PSU Reply,3,Data3,Data sent to PSU (byte3),,,,,,,,,,,,,,,,,,,,,
80,Ultrasonic Water Sensor to PSU Reply,4,Data4,Data sent to PSU (byte4),,,,,,,,,,,,,,,,,,,,,
80,Ultrasonic Water Sensor to PSU Reply,5,Data5,Data sent to PSU (byte5),,,,,,,,,,,,,,,,,,,,,
80,Ultrasonic Water Sensor to PSU Reply,6,Data6,Data sent to PSU (byte6),,,,,,,,,,,,,,,,,,,,,
80,Ultrasonic Water Sensor to PSU Reply,7,Data7,Data sent to PSU (byte7),,,,,,,,,,,,,,,,,,,,,
42,PSU to DAB Radio Request,0,Command,Command sent to Device (byte0),"00=AUDIO_CONTROLS,
01=MEDIA_CONTROLS,
02=DAB_STATION_1,
03=DAB_STATION_2,
04=DAB_STATION_3,
05=DAB_STATION_4,
06=FM_STATION_1,
07=FM_STATION_2,
08=USB_ARTIST_1,
09=USB_ARTIST_2,
0A=USB_ARTIST_3,
0B=USB_ALBUM_1,
0C=USB_ALBUM_2,
0D=USB_ALBUM_3,
0E=USB_TRACK_1,
0F=USB_TRACK_2,
10=USB_TRACK_3,
11=DAB_MEMORY,
12=FM_MEMORY,
13=BLUETOOTH,
14=DAB_TUNE",,,,,,,,,,,,,,,,,,,,
42,PSU to DAB Radio Request,1,Data1,Data sent to Device (byte1),,,,,,,,,,,,,,,,,,,,,
42,PSU to DAB Radio Request,2,Data2,Data sent to Device (byte2),,,,,,,,,,,,,,,,,,,,,
42,PSU to DAB Radio Request,3,Data3,Data sent to Device (byte3),,,,,,,,,,,,,,,,,,,,,
42,PSU to DAB Radio Request,4,Data4,Data sent to Device (byte4),,,,,,,,,,,,,,,,,,,,,
42,PSU to DAB Radio Request,5,Data5,Data sent to Device (byte5),,,,,,,,,,,,,,,,,,,,,
42,PSU to DAB Radio Request,6,Data6,Data sent to Device (byte6),,,,,,,,,,,,,,,,,,,,,
42,PSU to DAB Radio Request,7,Data7,Data sent to Device (byte7),,,,,,,,,,,,,,,,,,,,,
81,DAB Radio to PSU Reply,0,Command,Command sent to PSU (byte0),"00=AUDIO_CONTROLS,
01=MEDIA_CONTROLS,
02=DAB_STATION_1,
03=DAB_STATION_2,
04=DAB_STATION_3,
05=DAB_STATION_4,
06=FM_STATION_1,
07=FM_STATION_2,
08=USB_ARTIST_1,
09=USB_ARTIST_2,
0A=USB_ARTIST_3,
0B=USB_ALBUM_1,
0C=USB_ALBUM_2,
0D=USB_ALBUM_3,
0E=USB_TRACK_1,
0F=USB_TRACK_2,
10=USB_TRACK_3,
11=DAB_MEMORY,
12=FM_MEMORY,
13=BLUETOOTH,
14=DAB_TUNE",,,,,,,,,,,,,,,,,,,,
81,DAB Radio to PSU Reply,1,Data1,Data sent to PSU (byte1),,,,,,,,,,,,,,,,,,,,,
81,DAB Radio to PSU Reply,2,Data2,Data sent to PSU (byte2),,,,,,,,,,,,,,,,,,,,,
81,DAB Radio to PSU Reply,3,Data3,Data sent to PSU (byte3),,,,,,,,,,,,,,,,,,,,,
81,DAB Radio to PSU Reply,4,Data4,Data sent to PSU (byte4),,,,,,,,,,,,,,,,,,,,,
81,DAB Radio to PSU Reply,5,Data5,Data sent to PSU (byte5),,,,,,,,,,,,,,,,,,,,,
81,DAB Radio to PSU Reply,6,Data6,Data sent to PSU (byte6),,,,,,,,,,,,,,,,,,,,,
81,DAB Radio to PSU Reply,7,Data7,Data sent to PSU (byte7),,,,,,,,,,,,,,,,,,,,,
43,PSU to 3-IN-1 Charger Request,0,Command,Command sent to Device (byte0),"00=BATTIN_V,
01=BATTIN_I,
02=SOLARIN_V,
03=SOLARIN_I,
04=BATTOUT_V,
05=BATTOUT_I,
06=AH_TOTAL,
07=WH_TOTAL,
08=RESET_AH_WH,
09=EXT_TEMP,
0A=Not used,
0B=BULK_I_ACDC,
0C=BULK_I_DCDC,
0D=BULK_I_SOLAR,
0E=TAPER_I,
0F=BOOST_TIMEOUT,
10=POWER_ACDC,
11=DIP_SWITCH,
12=ERROR_STATUS,
13=CHARGE_STATUS,
14=BOOST_V,
15=FLOAT_V,
16=VEHICLE_CHARGE,
17=CHARGE_STATUS2,
F0=GROUP1 (BATTOUT_V, BATTOUT_I, DIP_SWITCH, ERROR_STATUS, CHARGE_STATUS)
F1=GROUP2 (BATTIN_V, BATTIN_I, VEHICLE_CHARGE, CHARGE_STATUS2)
F2=GROUP3 (SOLARIN_V, SOLARIN_I)
F3=GROUP4 (BOOST_V, FLOAT_V)
F4=GROUP5 (AH_TOTAL, WH_TOTAL, EXT_TEMP)
F5=GROUP6 (BULK_I_ACDC, BULK_I_DCDC, BULK_I_SOLAR, TAPER_I, BOOST_TIMEOUT)",,,,,,,,,,,,,,,,,,,,
43,PSU to 3-IN-1 Charger Request,1,Data1,Data sent to Device (byte1),,,,,,,,,,,,,,,,,,,,,
43,PSU to 3-IN-1 Charger Request,2,Data2,Data sent to Device (byte2),,,,,,,,,,,,,,,,,,,,,
43,PSU to 3-IN-1 Charger Request,3,Data3,Data sent to Device (byte3),,,,,,,,,,,,,,,,,,,,,
43,PSU to 3-IN-1 Charger Request,4,Data4,Data sent to Device (byte4),,,,,,,,,,,,,,,,,,,,,
43,PSU to 3-IN-1 Charger Request,5,Data5,Data sent to Device (byte5),,,,,,,,,,,,,,,,,,,,,
43,PSU to 3-IN-1 Charger Request,6,Data6,Data sent to Device (byte6),,,,,,,,,,,,,,,,,,,,,
43,PSU to 3-IN-1 Charger Request,7,Data7,Data sent to Device (byte7),,,,,,,,,,,,,,,,,,,,,
83,3-IN-1 Charger to PSU Reply,0,Command,Command sent to PSU (byte0),"00=BATTIN_V,
01=BATTIN_I,
02=SOLARIN_V,
03=SOLARIN_I,
04=BATTOUT_V,
05=BATTOUT_I,
06=AH_TOTAL,
07=WH_TOTAL,
08=RESET_AH_WH,
09=EXT_TEMP,
0A=Not used,
0B=BULK_I_ACDC,
0C=BULK_I_DCDC,
0D=BULK_I_SOLAR,
0E=TAPER_I,
0F=BOOST_TIMEOUT,
10=POWER_ACDC,
11=DIP_SWITCH,
12=ERROR_STATUS,
13=CHARGE_STATUS,
14=BOOST_V,
15=FLOAT_V,
16=VEHICLE_CHARGE,
17=CHARGE_STATUS2,
F0=GROUP1 (BATTOUT_V, BATTOUT_I, DIP_SWITCH, ERROR_STATUS, CHARGE_STATUS)
F1=GROUP2 (BATTIN_V, BATTIN_I, VEHICLE_CHARGE, CHARGE_STATUS2)
F2=GROUP3 (SOLARIN_V, SOLARIN_I)
F3=GROUP4 (BOOST_V, FLOAT_V)
F4=GROUP5 (AH_TOTAL, WH_TOTAL, EXT_TEMP)
F5=GROUP6 (BULK_I_ACDC, BULK_I_DCDC, BULK_I_SOLAR, TAPER_I, BOOST_TIMEOUT)",,,,,,,,,,,,,,,,,,,,
83,3-IN-1 Charger to PSU Reply,1,Data1,Data sent to PSU (byte1),,,,,,,,,,,,,,,,,,,,,
83,3-IN-1 Charger to PSU Reply,2,Data2,Data sent to PSU (byte2),,,,,,,,,,,,,,,,,,,,,
83,3-IN-1 Charger to PSU Reply,3,Data3,Data sent to PSU (byte3),,,,,,,,,,,,,,,,,,,,,
83,3-IN-1 Charger to PSU Reply,4,Data4,Data sent to PSU (byte4),,,,,,,,,,,,,,,,,,,,,
83,3-IN-1 Charger to PSU Reply,5,Data5,Data sent to PSU (byte5),,,,,,,,,,,,,,,,,,,,,
83,3-IN-1 Charger to PSU Reply,6,Data6,Data sent to PSU (byte6),,,,,,,,,,,,,,,,,,,,,
83,3-IN-1 Charger to PSU Reply,7,Data7,Data sent to PSU (byte7),,,,,,,,,,,,,,,,,,,,,
147,Setting bank 9 from PSU,0,SetOut9[0],Model Year,"26=2026, 27=2027 etc.",,,,,,,,,,,,,,,,,,,,
147,Setting bank 9 from PSU,1,SetOut9[1],Model Variant,"0=Standard, 1=Variant 1, 2=Variant 2, 3=Variant 3, etc.",,,,,,,,,,,,,,,,,,,,
147,Setting bank 9 from PSU,2,,,,,,,,,,,,,,,,,,,,,,,
147,Setting bank 9 from PSU,3,,,,,,,,,,,,,,,,,,,,,,,
147,Setting bank 9 from PSU,4,,,,,,,,,,,,,,,,,,,,,,,
147,Setting bank 9 from PSU,5,,,,,,,,,,,,,,,,,,,,,,,
147,Setting bank 9 from PSU,6,,,,,,,,,,,,,,,,,,,,,,,
147,Setting bank 9 from PSU,7,SetOut9[7],CAN Bus Inverter fitted,"0=NO, 1=YES",,,,,,,,,,,,,,,,,,,,
187,Setting bank 9 to PSU,0,SetOut9[0],Model Year,"26=2026, 27=2027 etc.",,,,,,,,,,,,,,,,,,,,
187,Setting bank 9 to PSU,1,SetOut9[1],Model Variant,"0=Standard, 1=Variant 1, 2=Variant 2, 3=Variant 3, etc.",,,,,,,,,,,,,,,,,,,,
187,Setting bank 9 to PSU,2,,,,,,,,,,,,,,,,,,,,,,,
187,Setting bank 9 to PSU,3,,,,,,,,,,,,,,,,,,,,,,,
187,Setting bank 9 to PSU,4,,,,,,,,,,,,,,,,,,,,,,,
187,Setting bank 9 to PSU,5,,,,,,,,,,,,,,,,,,,,,,,
187,Setting bank 9 to PSU,6,,,,,,,,,,,,,,,,,,,,,,,
187,Setting bank 9 to PSU,7,SetOut9[7],CAN Bus Inverter fitted,"0=NO, 1=YES",,,,,,,,,,,,,,,,,,,,
,,,,,,,,,,,,,,,,,,,,,,,,,
,,,,,,,,,,,,,,,,,,,,,,,,,
,,,,,,,,,,,,,,,,,,,,,,,,,
,,,,,,,,,,,,,,,,,,,,,,,,,
,,,,,,,,,,,,,,,,,,,,,,,,,
,,,,,,,,,,,,,,,,,,,,,,,,,
,,,,,,,,,,,,,,,,,,,,,,,,,
,,,,,,,,,,,,,,,,,,,,,,,,,
,,,,,,,,,,,,,,,,,,,,,,,,,
,,,,,,,,,,,,,,,,,,,,,,,,,
,,,,,,,,,,,,,,,,,,,,,,,,,
,,,,,,,,,,,,,,,,,,,,,,,,,
,,,,,,,,,,,,,,,,,,,,,,,,,
,,,,,,,,,,,,,,,,,,,,,,,,,
,,,,,,,,,,,,,,,,,,,,,,,,,
,,,,,,,,,,,,,,,,,,,,,,,,,
,,,,,,,,,,,,,,,,,,,,,,,,,
,,,,,,,,,,,,,,,,,,,,,,,,,
,,,,,,,,,,,,,,,,,,,,,,,,,
,,,,,,,,,,,,,,,,,,,,,,,,,
,,,,,,,,,,,,,,,,,,,,,,,,,
,,,,,,,,,,,,,,,,,,,,,,,,,
,,,,,,,,,,,,,,,,,,,,,,,,,
,,,,,,,,,,,,,,,,,,,,,,,,,
,,,,,,,,,,,,,,,,,,,,,,,,,
,,,,,,,,,,,,,,,,,,,,,,,,,
,,,,,,,,,,,,,,,,,,,,,,,,,
,,,,,,,,,,,,,,,,,,,,,,,,,
,,,,,,,,,,,,,,,,,,,,,,,,,
,,,,,,,,,,,,,,,,,,,,,,,,,
,,,,,,,,,,,,,,,,,,,,,,,,,
,,,,,,,,,,,,,,,,,,,,,,,,,
,,,,,,,,,,,,,,,,,,,,,,,,,
,,,,,,,,,,,,,,,,,,,,,,,,,
,,,,,,,,,,,,,,,,,,,,,,,,,
,,,,,,,,,,,,,,,,,,,,,,,,,
,,,,,,,,,,,,,,,,,,,,,,,,,
,,,,,,,,,,,,,,,,,,,,,,,,,
,,,,,,,,,,,,,,,,,,,,,,,,,
,,,,,,,,,,,,,,,,,,,,,,,,,
,,,,,,,,,,,,,,,,,,,,,,,,,
,,,,,,,,,,,,,,,,,,,,,,,,,
,,,,,,,,,,,,,,,,,,,,,,,,,
,,,,,,,,,,,,,,,,,,,,,,,,,
,,,,,,,,,,,,,,,,,,,,,,,,,
,,,,,,,,,,,,,,,,,,,,,,,,,
,,,,,,,,,,,,,,,,,,,,,,,,,
,,,,,,,,,,,,,,,,,,,,,,,,,
,,,,,,,,,,,,,,,,,,,,,,,,,
,,,,,,,,,,,,,,,,,,,,,,,,,
,,,,,,,,,,,,,,,,,,,,,,,,,
,,,,,,,,,,,,,,,,,,,,,,,,,
,,,,,,,,,,,,,,,,,,,,,,,,,
,,,,,,,,,,,,,,,,,,,,,,,,,
,,,,,,,,,,,,,,,,,,,,,,,,,
,,,,,,,,,,,,,,,,,,,,,,,,,
,,,,,,,,,,,,,,,,,,,,,,,,,
,,,,,,,,,,,,,,,,,,,,,,,,,
,,,,,,,,,,,,,,,,,,,,,,,,,
,,,,,,,,,,,,,,,,,,,,,,,,,
,,,,,,,,,,,,,,,,,,,,,,,,,
,,,,,,,,,,,,,,,,,,,,,,,,,
,,,,,,,,,,,,,,,,,,,,,,,,,
,,,,,,,,,,,,,,,,,,,,,,,,,
,,,,,,,,,,,,,,,,,,,,,,,,,
,,,,,,,,,,,,,,,,,,,,,,,,,
,,,,,,,,,,,,,,,,,,,,,,,,,
,,,,,,,,,,,,,,,,,,,,,,,,,
,,,,,,,,,,,,,,,,,,,,,,,,,
,,,,,,,,,,,,,,,,,,,,,,,,,
,,,,,,,,,,,,,,,,,,,,,,,,,
,,,,,,,,,,,,,,,,,,,,,,,,,
,,,,,,,,,,,,,,,,,,,,,,,,,
,,,,,,,,,,,,,,,,,,,,,,,,,
,,,,,,,,,,,,,,,,,,,,,,,,,
,,,,,,,,,,,,,,,,,,,,,,,,,
,,,,,,,,,,,,,,,,,,,,,,,,,
,,,,,,,,,,,,,,,,,,,,,,,,,
,,,,,,,,,,,,,,,,,,,,,,,,,
,,,,,,,,,,,,,,,,,,,,,,,,,
,,,,,,,,,,,,,,,,,,,,,,,,,
,,,,,,,,,,,,,,,,,,,,,,,,,
,,,,,,,,,,,,,,,,,,,,,,,,,
,,,,,,,,,,,,,,,,,,,,,,,,,
,,,,,,,,,,,,,,,,,,,,,,,,,
,,,,,,,,,,,,,,,,,,,,,,,,,
,,,,,,,,,,,,,,,,,,,,,,,,,
,,,,,,,,,,,,,,,,,,,,,,,,,
,,,,,,,,,,,,,,,,,,,,,,,,,
,,,,,,,,,,,,,,,,,,,,,,,,,
,,,,,,,,,,,,,,,,,,,,,,,,,
,,,,,,,,,,,,,,,,,,,,,,,,,
,,,,,,,,,,,,,,,,,,,,,,,,,
,,,,,,,,,,,,,,,,,,,,,,,,,
,,,,,,,,,,,,,,,,,,,,,,,,,
,,,,,,,,,,,,,,,,,,,,,,,,,
,,,,,,,,,,,,,,,,,,,,,,,,,
,,,,,,,,,,,,,,,,,,,,,,,,,
,,,,,,,,,,,,,,,,,,,,,,,,,
,,,,,,,,,,,,,,,,,,,,,,,,,
,,,,,,,,,,,,,,,,,,,,,,,,,
,,,,,,,,,,,,,,,,,,,,,,,,,
,,,,,,,,,,,,,,,,,,,,,,,,,
,,,,,,,,,,,,,,,,,,,,,,,,,
,,,,,,,,,,,,,,,,,,,,,,,,,
,,,,,,,,,,,,,,,,,,,,,,,,,
,,,,,,,,,,,,,,,,,,,,,,,,,
,,,,,,,,,,,,,,,,,,,,,,,,,
,,,,,,,,,,,,,,,,,,,,,,,,,
,,,,,,,,,,,,,,,,,,,,,,,,,
,,,,,,,,,,,,,,,,,,,,,,,,,
,,,,,,,,,,,,,,,,,,,,,,,,,
,,,,,,,,,,,,,,,,,,,,,,,,,
,,,,,,,,,,,,,,,,,,,,,,,,,
,,,,,,,,,,,,,,,,,,,,,,,,,
,,,,,,,,,,,,,,,,,,,,,,,,,
,,,,,,,,,,,,,,,,,,,,,,,,,
,,,,,,,,,,,,,,,,,,,,,,,,,
,,,,,,,,,,,,,,,,,,,,,,,,,
,,,,,,,,,,,,,,,,,,,,,,,,,
,,,,,,,,,,,,,,,,,,,,,,,,,
,,,,,,,,,,,,,,,,,,,,,,,,,
,,,,,,,,,,,,,,,,,,,,,,,,,
,,,,,,,,,,,,,,,,,,,,,,,,,
,,,,,,,,,,,,,,,,,,,,,,,,,
,,,,,,,,,,,,,,,,,,,,,,,,,
,,,,,,,,,,,,,,,,,,,,,,,,,
,,,,,,,,,,,,,,,,,,,,,,,,,
,,,,,,,,,,,,,,,,,,,,,,,,,
,,,,,,,,,,,,,,,,,,,,,,,,,
,,,,,,,,,,,,,,,,,,,,,,,,,
,,,,,,,,,,,,,,,,,,,,,,,,,
,,,,,,,,,,,,,,,,,,,,,,,,,
,,,,,,,,,,,,,,,,,,,,,,,,,
,,,,,,,,,,,,,,,,,,,,,,,,,
,,,,,,,,,,,,,,,,,,,,,,,,,
,,,,,,,,,,,,,,,,,,,,,,,,,
,,,,,,,,,,,,,,,,,,,,,,,,,
,,,,,,,,,,,,,,,,,,,,,,,,,
,,,,,,,,,,,,,,,,,,,,,,,,,
,,,,,,,,,,,,,,,,,,,,,,,,,
,,,,,,,,,,,,,,,,,,,,,,,,,
,,,,,,,,,,,,,,,,,,,,,,,,,
,,,,,,,,,,,,,,,,,,,,,,,,,
,,,,,,,,,,,,,,,,,,,,,,,,,
,,,,,,,,,,,,,,,,,,,,,,,,,
,,,,,,,,,,,,,,,,,,,,,,,,,
,,,,,,,,,,,,,,,,,,,,,,,,,
,,,,,,,,,,,,,,,,,,,,,,,,,
,,,,,,,,,,,,,,,,,,,,,,,,,
,,,,,,,,,,,,,,,,,,,,,,,,,
,,,,,,,,,,,,,,,,,,,,,,,,,
,,,,,,,,,,,,,,,,,,,,,,,,,
,,,,,,,,,,,,,,,,,,,,,,,,,
,,,,,,,,,,,,,,,,,,,,,,,,,
,,,,,,,,,,,,,,,,,,,,,,,,,
,,,,,,,,,,,,,,,,,,,,,,,,,
,,,,,,,,,,,,,,,,,,,,,,,,,
,,,,,,,,,,,,,,,,,,,,,,,,,
,,,,,,,,,,,,,,,,,,,,,,,,,
,,,,,,,,,,,,,,,,,,,,,,,,,
,,,,,,,,,,,,,,,,,,,,,,,,,
,,,,,,,,,,,,,,,,,,,,,,,,,
,,,,,,,,,,,,,,,,,,,,,,,,,
,,,,,,,,,,,,,,,,,,,,,,,,,
,,,,,,,,,,,,,,,,,,,,,,,,,
,,,,,,,,,,,,,,,,,,,,,,,,,
,,,,,,,,,,,,,,,,,,,,,,,,,
,,,,,,,,,,,,,,,,,,,,,,,,,
,,,,,,,,,,,,,,,,,,,,,,,,,
,,,,,,,,,,,,,,,,,,,,,,,,,
,,,,,,,,,,,,,,,,,,,,,,,,,
,,,,,,,,,,,,,,,,,,,,,,,,,
,,,,,,,,,,,,,,,,,,,,,,,,,
,,,,,,,,,,,,,,,,,,,,,,,,,
,,,,,,,,,,,,,,,,,,,,,,,,,
,,,,,,,,,,,,,,,,,,,,,,,,,
,,,,,,,,,,,,,,,,,,,,,,,,,
,,,,,,,,,,,,,,,,,,,,,,,,,
,,,,,,,,,,,,,,,,,,,,,,,,,
,,,,,,,,,,,,,,,,,,,,,,,,,
,,,,,,,,,,,,,,,,,,,,,,,,,
,,,,,,,,,,,,,,,,,,,,,,,,,
,,,,,,,,,,,,,,,,,,,,,,,,,
,,,,,,,,,,,,,,,,,,,,,,,,,
,,,,,,,,,,,,,,,,,,,,,,,,,
,,,,,,,,,,,,,,,,,,,,,,,,,
,,,,,,,,,,,,,,,,,,,,,,,,,
,,,,,,,,,,,,,,,,,,,,,,,,,
,,,,,,,,,,,,,,,,,,,,,,,,,
,,,,,,,,,,,,,,,,,,,,,,,,,
,,,,,,,,,,,,,,,,,,,,,,,,,
,,,,,,,,,,,,,,,,,,,,,,,,,
,,,,,,,,,,,,,,,,,,,,,,,,,
,,,,,,,,,,,,,,,,,,,,,,,,,
,,,,,,,,,,,,,,,,,,,,,,,,,
,,,,,,,,,,,,,,,,,,,,,,,,,
,,,,,,,,,,,,,,,,,,,,,,,,,
,,,,,,,,,,,,,,,,,,,,,,,,,
,,,,,,,,,,,,,,,,,,,,,,,,,
,,,,,,,,,,,,,,,,,,,,,,,,,
,,,,,,,,,,,,,,,,,,,,,,,,,
,,,,,,,,,,,,,,,,,,,,,,,,,
,,,,,,,,,,,,,,,,,,,,,,,,,
,,,,,,,,,,,,,,,,,,,,,,,,,
,,,,,,,,,,,,,,,,,,,,,,,,,
,,,,,,,,,,,,,,,,,,,,,,,,,
,,,,,,,,,,,,,,,,,,,,,,,,,
,,,,,,,,,,,,,,,,,,,,,,,,,
,,,,,,,,,,,,,,,,,,,,,,,,,
,,,,,,,,,,,,,,,,,,,,,,,,,
,,,,,,,,,,,,,,,,,,,,,,,,,
,,,,,,,,,,,,,,,,,,,,,,,,,
,,,,,,,,,,,,,,,,,,,,,,,,,
,,,,,,,,,,,,,,,,,,,,,,,,,
,,,,,,,,,,,,,,,,,,,,,,,,,
,,,,,,,,,,,,,,,,,,,,,,,,,
,,,,,,,,,,,,,,,,,,,,,,,,,
,,,,,,,,,,,,,,,,,,,,,,,,,
,,,,,,,,,,,,,,,,,,,,,,,,,
,,,,,,,,,,,,,,,,,,,,,,,,,
,,,,,,,,,,,,,,,,,,,,,,,,,
,,,,,,,,,,,,,,,,,,,,,,,,,
,,,,,,,,,,,,,,,,,,,,,,,,,
,,,,,,,,,,,,,,,,,,,,,,,,,
,,,,,,,,,,,,,,,,,,,,,,,,,
,,,,,,,,,,,,,,,,,,,,,,,,,
,,,,,,,,,,,,,,,,,,,,,,,,,
,,,,,,,,,,,,,,,,,,,,,,,,,
,,,,,,,,,,,,,,,,,,,,,,,,,
,,,,,,,,,,,,,,,,,,,,,,,,,
,,,,,,,,,,,,,,,,,,,,,,,,,
,,,,,,,,,,,,,,,,,,,,,,,,,
,,,,,,,,,,,,,,,,,,,,,,,,,
,,,,,,,,,,,,,,,,,,,,,,,,,
,,,,,,,,,,,,,,,,,,,,,,,,,
,,,,,,,,,,,,,,,,,,,,,,,,,
,,,,,,,,,,,,,,,,,,,,,,,,,
,,,,,,,,,,,,,,,,,,,,,,,,,
,,,,,,,,,,,,,,,,,,,,,,,,,
,,,,,,,,,,,,,,,,,,,,,,,,,
,,,,,,,,,,,,,,,,,,,,,,,,,
,,,,,,,,,,,,,,,,,,,,,,,,,
,,,,,,,,,,,,,,,,,,,,,,,,,
,,,,,,,,,,,,,,,,,,,,,,,,,
,,,,,,,,,,,,,,,,,,,,,,,,,
,,,,,,,,,,,,,,,,,,,,,,,,,
,,,,,,,,,,,,,,,,,,,,,,,,,
,,,,,,,,,,,,,,,,,,,,,,,,,
,,,,,,,,,,,,,,,,,,,,,,,,,
,,,,,,,,,,,,,,,,,,,,,,,,,
,,,,,,,,,,,,,,,,,,,,,,,,,
,,,,,,,,,,,,,,,,,,,,,,,,,
,,,,,,,,,,,,,,,,,,,,,,,,,
,,,,,,,,,,,,,,,,,,,,,,,,,
,,,,,,,,,,,,,,,,,,,,,,,,,
,,,,,,,,,,,,,,,,,,,,,,,,,
,,,,,,,,,,,,,,,,,,,,,,,,,
,,,,,,,,,,,,,,,,,,,,,,,,,
,,,,,,,,,,,,,,,,,,,,,,,,,
,,,,,,,,,,,,,,,,,,,,,,,,,
,,,,,,,,,,,,,,,,,,,,,,,,,
,,,,,,,,,,,,,,,,,,,,,,,,,
,,,,,,,,,,,,,,,,,,,,,,,,,
,,,,,,,,,,,,,,,,,,,,,,,,,
,,,,,,,,,,,,,,,,,,,,,,,,,
,,,,,,,,,,,,,,,,,,,,,,,,,
,,,,,,,,,,,,,,,,,,,,,,,,,
,,,,,,,,,,,,,,,,,,,,,,,,,
,,,,,,,,,,,,,,,,,,,,,,,,,
,,,,,,,,,,,,,,,,,,,,,,,,,
,,,,,,,,,,,,,,,,,,,,,,,,,
,,,,,,,,,,,,,,,,,,,,,,,,,
,,,,,,,,,,,,,,,,,,,,,,,,,
,,,,,,,,,,,,,,,,,,,,,,,,,
,,,,,,,,,,,,,,,,,,,,,,,,,
,,,,,,,,,,,,,,,,,,,,,,,,,
,,,,,,,,,,,,,,,,,,,,,,,,,
,,,,,,,,,,,,,,,,,,,,,,,,,
,,,,,,,,,,,,,,,,,,,,,,,,,
,,,,,,,,,,,,,,,,,,,,,,,,,
,,,,,,,,,,,,,,,,,,,,,,,,,
,,,,,,,,,,,,,,,,,,,,,,,,,
,,,,,,,,,,,,,,,,,,,,,,,,,
,,,,,,,,,,,,,,,,,,,,,,,,,
,,,,,,,,,,,,,,,,,,,,,,,,,
,,,,,,,,,,,,,,,,,,,,,,,,,
,,,,,,,,,,,,,,,,,,,,,,,,,
,,,,,,,,,,,,,,,,,,,,,,,,,
,,,,,,,,,,,,,,,,,,,,,,,,,
,,,,,,,,,,,,,,,,,,,,,,,,,
,,,,,,,,,,,,,,,,,,,,,,,,,
,,,,,,,,,,,,,,,,,,,,,,,,,
,,,,,,,,,,,,,,,,,,,,,,,,,
,,,,,,,,,,,,,,,,,,,,,,,,,
,,,,,,,,,,,,,,,,,,,,,,,,,
,,,,,,,,,,,,,,,,,,,,,,,,,
,,,,,,,,,,,,,,,,,,,,,,,,,
,,,,,,,,,,,,,,,,,,,,,,,,,
,,,,,,,,,,,,,,,,,,,,,,,,,
,,,,,,,,,,,,,,,,,,,,,,,,,
,,,,,,,,,,,,,,,,,,,,,,,,,
,,,,,,,,,,,,,,,,,,,,,,,,,
,,,,,,,,,,,,,,,,,,,,,,,,,
,,,,,,,,,,,,,,,,,,,,,,,,,
,,,,,,,,,,,,,,,,,,,,,,,,,
,,,,,,,,,,,,,,,,,,,,,,,,,
,,,,,,,,,,,,,,,,,,,,,,,,,
,,,,,,,,,,,,,,,,,,,,,,,,,
,,,,,,,,,,,,,,,,,,,,,,,,,
,,,,,,,,,,,,,,,,,,,,,,,,,
,,,,,,,,,,,,,,,,,,,,,,,,,
,,,,,,,,,,,,,,,,,,,,,,,,,
,,,,,,,,,,,,,,,,,,,,,,,,,
,,,,,,,,,,,,,,,,,,,,,,,,,
,,,,,,,,,,,,,,,,,,,,,,,,,
,,,,,,,,,,,,,,,,,,,,,,,,,
,,,,,,,,,,,,,,,,,,,,,,,,,
,,,,,,,,,,,,,,,,,,,,,,,,,
,,,,,,,,,,,,,,,,,,,,,,,,,
,,,,,,,,,,,,,,,,,,,,,,,,,
,,,,,,,,,,,,,,,,,,,,,,,,,
,,,,,,,,,,,,,,,,,,,,,,,,,
,,,,,,,,,,,,,,,,,,,,,,,,,
,,,,,,,,,,,,,,,,,,,,,,,,,
,,,,,,,,,,,,,,,,,,,,,,,,,
,,,,,,,,,,,,,,,,,,,,,,,,,
,,,,,,,,,,,,,,,,,,,,,,,,,
,,,,,,,,,,,,,,,,,,,,,,,,,
,,,,,,,,,,,,,,,,,,,,,,,,,
,,,,,,,,,,,,,,,,,,,,,,,,,
,,,,,,,,,,,,,,,,,,,,,,,,,
,,,,,,,,,,,,,,,,,,,,,,,,,
,,,,,,,,,,,,,,,,,,,,,,,,,
,,,,,,,,,,,,,,,,,,,,,,,,,
,,,,,,,,,,,,,,,,,,,,,,,,,
,,,,,,,,,,,,,,,,,,,,,,,,,
,,,,,,,,,,,,,,,,,,,,,,,,,
,,,,,,,,,,,,,,,,,,,,,,,,,
,,,,,,,,,,,,,,,,,,,,,,,,,
,,,,,,,,,,,,,,,,,,,,,,,,,
,,,,,,,,,,,,,,,,,,,,,,,,,
,,,,,,,,,,,,,,,,,,,,,,,,,
,,,,,,,,,,,,,,,,,,,,,,,,,
,,,,,,,,,,,,,,,,,,,,,,,,,
,,,,,,,,,,,,,,,,,,,,,,,,,
,,,,,,,,,,,,,,,,,,,,,,,,,
,,,,,,,,,,,,,,,,,,,,,,,,,
,,,,,,,,,,,,,,,,,,,,,,,,,
,,,,,,,,,,,,,,,,,,,,,,,,,
,,,,,,,,,,,,,,,,,,,,,,,,,
,,,,,,,,,,,,,,,,,,,,,,,,,
,,,,,,,,,,,,,,,,,,,,,,,,,
,,,,,,,,,,,,,,,,,,,,,,,,,
,,,,,,,,,,,,,,,,,,,,,,,,,
,,,,,,,,,,,,,,,,,,,,,,,,,
,,,,,,,,,,,,,,,,,,,,,,,,,
,,,,,,,,,,,,,,,,,,,,,,,,,
,,,,,,,,,,,,,,,,,,,,,,,,,
,,,,,,,,,,,,,,,,,,,,,,,,,
,,,,,,,,,,,,,,,,,,,,,,,,,
,,,,,,,,,,,,,,,,,,,,,,,,,
,,,,,,,,,,,,,,,,,,,,,,,,,
,,,,,,,,,,,,,,,,,,,,,,,,,
,,,,,,,,,,,,,,,,,,,,,,,,,
,,,,,,,,,,,,,,,,,,,,,,,,,
,,,,,,,,,,,,,,,,,,,,,,,,,
,,,,,,,,,,,,,,,,,,,,,,,,,
,,,,,,,,,,,,,,,,,,,,,,,,,
,,,,,,,,,,,,,,,,,,,,,,,,,
,,,,,,,,,,,,,,,,,,,,,,,,,
,,,,,,,,,,,,,,,,,,,,,,,,,
,,,,,,,,,,,,,,,,,,,,,,,,,
,,,,,,,,,,,,,,,,,,,,,,,,,
,,,,,,,,,,,,,,,,,,,,,,,,,
,,,,,,,,,,,,,,,,,,,,,,,,,
,,,,,,,,,,,,,,,,,,,,,,,,,
,,,,,,,,,,,,,,,,,,,,,,,,,
,,,,,,,,,,,,,,,,,,,,,,,,,
,,,,,,,,,,,,,,,,,,,,,,,,,
,,,,,,,,,,,,,,,,,,,,,,,,,
,,,,,,,,,,,,,,,,,,,,,,,,,
,,,,,,,,,,,,,,,,,,,,,,,,,
,,,,,,,,,,,,,,,,,,,,,,,,,
,,,,,,,,,,,,,,,,,,,,,,,,,
,,,,,,,,,,,,,,,,,,,,,,,,,
,,,,,,,,,,,,,,,,,,,,,,,,,
,,,,,,,,,,,,,,,,,,,,,,,,,
,,,,,,,,,,,,,,,,,,,,,,,,,
,,,,,,,,,,,,,,,,,,,,,,,,,
,,,,,,,,,,,,,,,,,,,,,,,,,
,,,,,,,,,,,,,,,,,,,,,,,,,
,,,,,,,,,,,,,,,,,,,,,,,,,
,,,,,,,,,,,,,,,,,,,,,,,,,
,,,,,,,,,,,,,,,,,,,,,,,,,
,,,,,,,,,,,,,,,,,,,,,,,,,
,,,,,,,,,,,,,,,,,,,,,,,,,
,,,,,,,,,,,,,,,,,,,,,,,,,
,,,,,,,,,,,,,,,,,,,,,,,,,
,,,,,,,,,,,,,,,,,,,,,,,,,
,,,,,,,,,,,,,,,,,,,,,,,,,
,,,,,,,,,,,,,,,,,,,,,,,,,
,,,,,,,,,,,,,,,,,,,,,,,,,
,,,,,,,,,,,,,,,,,,,,,,,,,
,,,,,,,,,,,,,,,,,,,,,,,,,
,,,,,,,,,,,,,,,,,,,,,,,,,
,,,,,,,,,,,,,,,,,,,,,,,,,
,,,,,,,,,,,,,,,,,,,,,,,,,
,,,,,,,,,,,,,,,,,,,,,,,,,
,,,,,,,,,,,,,,,,,,,,,,,,,
,,,,,,,,,,,,,,,,,,,,,,,,,
,,,,,,,,,,,,,,,,,,,,,,,,,
,,,,,,,,,,,,,,,,,,,,,,,,,
,,,,,,,,,,,,,,,,,,,,,,,,,
,,,,,,,,,,,,,,,,,,,,,,,,,
,,,,,,,,,,,,,,,,,,,,,,,,,
,,,,,,,,,,,,,,,,,,,,,,,,,
,,,,,,,,,,,,,,,,,,,,,,,,,
,,,,,,,,,,,,,,,,,,,,,,,,,
,,,,,,,,,,,,,,,,,,,,,,,,,
,,,,,,,,,,,,,,,,,,,,,,,,,
,,,,,,,,,,,,,,,,,,,,,,,,,
,,,,,,,,,,,,,,,,,,,,,,,,,
,,,,,,,,,,,,,,,,,,,,,,,,,
,,,,,,,,,,,,,,,,,,,,,,,,,
,,,,,,,,,,,,,,,,,,,,,,,,,
,,,,,,,,,,,,,,,,,,,,,,,,,
,,,,,,,,,,,,,,,,,,,,,,,,,
,,,,,,,,,,,,,,,,,,,,,,,,,
,,,,,,,,,,,,,,,,,,,,,,,,,
,,,,,,,,,,,,,,,,,,,,,,,,,
,,,,,,,,,,,,,,,,,,,,,,,,,
,,,,,,,,,,,,,,,,,,,,,,,,,
,,,,,,,,,,,,,,,,,,,,,,,,,
,,,,,,,,,,,,,,,,,,,,,,,,,
,,,,,,,,,,,,,,,,,,,,,,,,,
,,,,,,,,,,,,,,,,,,,,,,,,,
,,,,,,,,,,,,,,,,,,,,,,,,,
,,,,,,,,,,,,,,,,,,,,,,,,,
,,,,,,,,,,,,,,,,,,,,,,,,,
,,,,,,,,,,,,,,,,,,,,,,,,,
,,,,,,,,,,,,,,,,,,,,,,,,,
,,,,,,,,,,,,,,,,,,,,,,,,,
,,,,,,,,,,,,,,,,,,,,,,,,,
,,,,,,,,,,,,,,,,,,,,,,,,,
,,,,,,,,,,,,,,,,,,,,,,,,,
,,,,,,,,,,,,,,,,,,,,,,,,,
,,,,,,,,,,,,,,,,,,,,,,,,,
,,,,,,,,,,,,,,,,,,,,,,,,,
,,,,,,,,,,,,,,,,,,,,,,,,,
,,,,,,,,,,,,,,,,,,,,,,,,,
,,,,,,,,,,,,,,,,,,,,,,,,,
,,,,,,,,,,,,,,,,,,,,,,,,,
,,,,,,,,,,,,,,,,,,,,,,,,,
,,,,,,,,,,,,,,,,,,,,,,,,,
,,,,,,,,,,,,,,,,,,,,,,,,,
,,,,,,,,,,,,,,,,,,,,,,,,,
,,,,,,,,,,,,,,,,,,,,,,,,,
,,,,,,,,,,,,,,,,,,,,,,,,,
,,,,,,,,,,,,,,,,,,,,,,,,,
,,,,,,,,,,,,,,,,,,,,,,,,,
,,,,,,,,,,,,,,,,,,,,,,,,,
,,,,,,,,,,,,,,,,,,,,,,,,,
,,,,,,,,,,,,,,,,,,,,,,,,,
,,,,,,,,,,,,,,,,,,,,,,,,,
,,,,,,,,,,,,,,,,,,,,,,,,,
,,,,,,,,,,,,,,,,,,,,,,,,,
,,,,,,,,,,,,,,,,,,,,,,,,,
,,,,,,,,,,,,,,,,,,,,,,,,,
,,,,,,,,,,,,,,,,,,,,,,,,,
,,,,,,,,,,,,,,,,,,,,,,,,,
,,,,,,,,,,,,,,,,,,,,,,,,,
,,,,,,,,,,,,,,,,,,,,,,,,,
,,,,,,,,,,,,,,,,,,,,,,,,,
,,,,,,,,,,,,,,,,,,,,,,,,,
,,,,,,,,,,,,,,,,,,,,,,,,,
,,,,,,,,,,,,,,,,,,,,,,,,,
,,,,,,,,,,,,,,,,,,,,,,,,,
,,,,,,,,,,,,,,,,,,,,,,,,,
,,,,,,,,,,,,,,,,,,,,,,,,,
,,,,,,,,,,,,,,,,,,,,,,,,,
,,,,,,,,,,,,,,,,,,,,,,,,,
,,,,,,,,,,,,,,,,,,,,,,,,,
,,,,,,,,,,,,,,,,,,,,,,,,,
,,,,,,,,,,,,,,,,,,,,,,,,,
,,,,,,,,,,,,,,,,,,,,,,,,,
,,,,,,,,,,,,,,,,,,,,,,,,,
,,,,,,,,,,,,,,,,,,,,,,,,,
,,,,,,,,,,,,,,,,,,,,,,,,,
,,,,,,,,,,,,,,,,,,,,,,,,,
,,,,,,,,,,,,,,,,,,,,,,,,,
,,,,,,,,,,,,,,,,,,,,,,,,,
,,,,,,,,,,,,,,,,,,,,,,,,,
,,,,,,,,,,,,,,,,,,,,,,,,,
